CREATE DATABASE  IF NOT EXISTS `cpms_gdsunsea2` /*!40100 DEFAULT CHARACTER SET utf8 */;
USE `cpms_gdsunsea2`;

/*!40101 SET @OLD_CHARACTER_SET_CLIENT=@@CHARACTER_SET_CLIENT */;
/*!40101 SET @OLD_CHARACTER_SET_RESULTS=@@CHARACTER_SET_RESULTS */;
/*!40101 SET @OLD_COLLATION_CONNECTION=@@COLLATION_CONNECTION */;
/*!40101 SET NAMES utf8 */;
/*!40103 SET @OLD_TIME_ZONE=@@TIME_ZONE */;
/*!40103 SET TIME_ZONE='+00:00' */;
/*!40014 SET @OLD_UNIQUE_CHECKS=@@UNIQUE_CHECKS, UNIQUE_CHECKS=0 */;
/*!40014 SET @OLD_FOREIGN_KEY_CHECKS=@@FOREIGN_KEY_CHECKS, FOREIGN_KEY_CHECKS=0 */;
/*!40101 SET @OLD_SQL_MODE=@@SQL_MODE, SQL_MODE='NO_AUTO_VALUE_ON_ZERO' */;
/*!40111 SET @OLD_SQL_NOTES=@@SQL_NOTES, SQL_NOTES=0 */;
DROP TABLE IF EXISTS `invoices`;
/*!40101 SET @saved_cs_client     = @@character_set_client */;
/*!40101 SET character_set_client = utf8 */;
CREATE TABLE `invoices` (
  `category` varchar(31) NOT NULL,
  `id` bigint(20) NOT NULL AUTO_INCREMENT,
  `version` int(11) NOT NULL,
  `created_date` date DEFAULT NULL,
  `disabled` bit(1) NOT NULL,
  `last_updated` date DEFAULT NULL,
  `invoice_amount` decimal(19,2) NOT NULL,
  `billing_date` date DEFAULT NULL,
  `serial_number` varchar(255) NOT NULL,
  `creator_id` bigint(20) DEFAULT NULL,
  `last_updator` bigint(20) DEFAULT NULL,
  `contract_id` bigint(20) DEFAULT NULL,
  PRIMARY KEY (`id`),
  UNIQUE KEY `serial_number` (`serial_number`),
  KEY `FK25F222E6305B1752` (`contract_id`),
  KEY `FK25F222E65312271B` (`last_updator`),
  KEY `FK25F222E69118F3D3` (`creator_id`),
  CONSTRAINT `FK25F222E69118F3D3` FOREIGN KEY (`creator_id`) REFERENCES `persons` (`id`),
  CONSTRAINT `FK25F222E6305B1752` FOREIGN KEY (`contract_id`) REFERENCES `contracts` (`id`),
  CONSTRAINT `FK25F222E65312271B` FOREIGN KEY (`last_updator`) REFERENCES `persons` (`id`)
) ENGINE=InnoDB DEFAULT CHARSET=utf8;
/*!40101 SET character_set_client = @saved_cs_client */;

LOCK TABLES `invoices` WRITE;
/*!40000 ALTER TABLE `invoices` DISABLE KEYS */;
/*!40000 ALTER TABLE `invoices` ENABLE KEYS */;
UNLOCK TABLES;
DROP TABLE IF EXISTS `areas`;
/*!40101 SET @saved_cs_client     = @@character_set_client */;
/*!40101 SET character_set_client = utf8 */;
CREATE TABLE `areas` (
  `id` bigint(20) NOT NULL AUTO_INCREMENT,
  `version` int(11) NOT NULL,
  `code` varchar(255) DEFAULT NULL,
  `left_value` int(11) DEFAULT NULL,
  `level` int(11) DEFAULT NULL,
  `name` varchar(255) DEFAULT NULL,
  `parent_code` varchar(255) DEFAULT NULL,
  `right_value` int(11) DEFAULT NULL,
  PRIMARY KEY (`id`)
) ENGINE=InnoDB AUTO_INCREMENT=3528 DEFAULT CHARSET=utf8;
/*!40101 SET character_set_client = @saved_cs_client */;

LOCK TABLES `areas` WRITE;
/*!40000 ALTER TABLE `areas` DISABLE KEYS */;
INSERT INTO `areas` VALUES (-1,0,'000000',1,0,'中国',NULL,7230),(1,3,'340000',2,1,'安徽省','000000',281),(2,3,'110000',282,1,'北京市','000000',355),(3,3,'350000',356,1,'福建省','000000',563),(4,3,'620000',564,1,'甘肃省','000000',789),(5,3,'440000',790,1,'广东省','000000',1117),(6,3,'450000',1118,1,'广西壮族自治区','000000',1393),(7,3,'520000',1394,1,'贵州省','000000',1595),(8,3,'460000',1596,1,'海南省','000000',1653),(9,3,'130000',1654,1,'河北省','000000',2043),(10,3,'410000',2044,1,'河南省','000000',2431),(11,3,'230000',2432,1,'黑龙江省','000000',2747),(12,3,'420000',2748,1,'湖北省','000000',3005),(13,3,'430000',3006,1,'湖南省','000000',3305),(14,3,'220000',3306,1,'吉林省','000000',3461),(15,3,'320000',3462,1,'江苏省','000000',3727),(16,3,'360000',3728,1,'江西省','000000',3971),(17,3,'210000',3972,1,'辽宁省','000000',4229),(18,3,'150000',4230,1,'内蒙古自治区','000000',4473),(19,3,'640000',4474,1,'宁夏回族自治区','000000',4537),(20,3,'630000',4538,1,'青海省','000000',4649),(21,3,'370000',4650,1,'山东省','000000',4999),(22,3,'140000',5000,1,'山西省','000000',5283),(23,3,'610000',5284,1,'陕西省','000000',5539),(24,3,'310000',5540,1,'上海市','000000',5617),(25,3,'510000',5618,1,'四川省','000000',6059),(26,3,'120000',6060,1,'天津市','000000',6133),(27,3,'540000',6134,1,'西藏自治区','000000',6297),(28,3,'650000',6298,1,'新疆维吾尔自治区','000000',6533),(29,3,'530000',6534,1,'云南省','000000',6841),(30,3,'330000',6842,1,'浙江省','000000',7067),(31,3,'500000',7068,1,'重庆市','000000',7229),(32,3,'340800',3,2,'安庆市','340000',28),(33,3,'340300',29,2,'蚌埠市','340000',46),(34,3,'341400',47,2,'巢湖市','340000',60),(35,3,'341700',61,2,'池州市','340000',72),(36,3,'341100',73,2,'滁州市','340000',92),(37,3,'341200',93,2,'阜阳市','340000',112),(38,3,'340100',113,2,'合肥市','340000',130),(39,3,'340600',131,2,'淮北市','340000',142),(40,3,'340400',143,2,'淮南市','340000',158),(41,3,'341000',159,2,'黄山市','340000',176),(42,3,'341500',177,2,'六安市','340000',194),(43,3,'340500',195,2,'马鞍山市','340000',206),(44,3,'341300',207,2,'宿州市','340000',220),(45,3,'340700',221,2,'铜陵市','340000',232),(46,3,'340200',233,2,'芜湖市','340000',250),(47,3,'341800',251,2,'宣城市','340000',268),(48,3,'341600',269,2,'亳州市','340000',280),(51,3,'350100',357,2,'福州市','350000',386),(52,3,'350800',387,2,'龙岩市','350000',404),(53,3,'350700',405,2,'南平市','350000',428),(54,3,'350900',429,2,'宁德市','350000',450),(55,3,'350300',451,2,'莆田市','350000',464),(56,3,'350500',465,2,'泉州市','350000',492),(57,3,'350400',493,2,'三明市','350000',520),(58,3,'350200',521,2,'厦门市','350000',536),(59,3,'350600',537,2,'漳州市','350000',562),(60,3,'620400',565,2,'白银市','620000',578),(61,3,'621100',579,2,'定西市','620000',596),(62,3,'623000',597,2,'甘南藏族自治州','620000',614),(63,3,'620200',615,2,'嘉峪关市','620000',618),(64,3,'620300',619,2,'金昌市','620000',626),(65,3,'620900',627,2,'酒泉市','620000',644),(66,3,'620100',645,2,'兰州市','620000',664),(67,3,'622900',665,2,'临夏回族自治州','620000',682),(68,3,'621200',683,2,'陇南市','620000',704),(69,3,'620800',705,2,'平凉市','620000',722),(70,3,'621000',723,2,'庆阳市','620000',742),(71,3,'620500',743,2,'天水市','620000',760),(72,3,'620600',761,2,'武威市','620000',772),(73,3,'620700',773,2,'张掖市','620000',788),(74,3,'445100',791,2,'潮州市','440000',800),(75,3,'441900',801,2,'东莞市','440000',804),(76,3,'440600',805,2,'佛山市','440000',818),(77,3,'440100',819,2,'广州市','440000',846),(78,3,'441600',847,2,'河源市','440000',862),(79,3,'441300',863,2,'惠州市','440000',876),(80,3,'440700',877,2,'江门市','440000',894),(81,3,'445200',895,2,'揭阳市','440000',908),(82,3,'440900',909,2,'茂名市','440000',924),(83,3,'441400',925,2,'梅州市','440000',944),(84,3,'441800',945,2,'清远市','440000',964),(85,3,'440500',965,2,'汕头市','440000',982),(86,3,'441500',983,2,'汕尾市','440000',994),(87,3,'440200',995,2,'韶关市','440000',1018),(88,3,'440300',1019,2,'深圳市','440000',1034),(89,3,'441700',1035,2,'阳江市','440000',1046),(90,3,'445300',1047,2,'云浮市','440000',1060),(91,3,'440800',1061,2,'湛江市','440000',1082),(92,3,'441200',1083,2,'肇庆市','440000',1102),(93,3,'442000',1103,2,'中山市','440000',1106),(94,3,'440400',1107,2,'珠海市','440000',1116),(95,3,'451000',1119,2,'百色市','450000',1146),(96,3,'450500',1147,2,'北海市','450000',1158),(97,3,'451400',1159,2,'崇左市','450000',1176),(98,3,'450600',1177,2,'防城港市','450000',1188),(99,3,'450300',1189,2,'桂林市','450000',1226),(100,3,'450800',1227,2,'贵港市','450000',1240),(101,3,'451200',1241,2,'河池市','450000',1266),(102,3,'451100',1267,2,'贺州市','450000',1278),(103,3,'451300',1279,2,'来宾市','450000',1294),(104,3,'450200',1295,2,'柳州市','450000',1318),(105,3,'450100',1319,2,'南宁市','450000',1346),(106,3,'450700',1347,2,'钦州市','450000',1358),(107,3,'450400',1359,2,'梧州市','450000',1376),(108,3,'450900',1377,2,'玉林市','450000',1392),(109,3,'520400',1395,2,'安顺市','520000',1410),(110,3,'522400',1411,2,'毕节地区','520000',1428),(111,3,'520100',1429,2,'贵阳市','520000',1452),(112,3,'520200',1453,2,'六盘水市','520000',1462),(113,3,'522600',1463,2,'黔东南苗族侗族自治州','520000',1496),(114,3,'522700',1497,2,'黔南布依族苗族自治州','520000',1522),(115,3,'522300',1523,2,'黔西南布依族苗族自治州','520000',1540),(116,3,'522200',1541,2,'铜仁地区','520000',1562),(117,3,'520300',1563,2,'遵义市','520000',1594),(118,3,'460100',1597,2,'海口市','460000',1608),(119,3,'460200',1609,2,'三亚市','460000',1612),(120,3,'469000',1613,2,'省直辖县级行政单位','460000',1652),(121,3,'130600',1655,2,'保定市','130000',1708),(122,3,'130900',1709,2,'沧州市','130000',1744),(123,3,'130800',1745,2,'承德市','130000',1770),(124,3,'130400',1771,2,'邯郸市','130000',1812),(125,3,'131100',1813,2,'衡水市','130000',1838),(126,3,'131000',1839,2,'廊坊市','130000',1862),(127,3,'130300',1863,2,'秦皇岛市','130000',1880),(128,3,'130100',1881,2,'石家庄市','130000',1930),(129,3,'130200',1931,2,'唐山市','130000',1962),(130,3,'130500',1963,2,'邢台市','130000',2004),(131,3,'130700',2005,2,'张家口市','130000',2042),(132,3,'410500',2045,2,'安阳市','410000',2066),(133,3,'410600',2067,2,'鹤壁市','410000',2080),(134,3,'410800',2081,2,'焦作市','410000',2106),(135,3,'410200',2107,2,'开封市','410000',2130),(136,3,'410300',2131,2,'洛阳市','410000',2164),(137,3,'411300',2165,2,'南阳市','410000',2194),(138,3,'410400',2195,2,'平顶山市','410000',2218),(139,3,'411200',2219,2,'三门峡市','410000',2234),(140,3,'411400',2235,2,'商丘市','410000',2256),(141,3,'410700',2257,2,'新乡市','410000',2284),(142,3,'411500',2285,2,'信阳市','410000',2308),(143,3,'411000',2309,2,'许昌市','410000',2324),(144,3,'410100',2325,2,'郑州市','410000',2352),(145,3,'411600',2353,2,'周口市','410000',2376),(146,3,'411700',2377,2,'驻马店市','410000',2400),(147,3,'411100',2401,2,'漯河市','410000',2414),(148,3,'410900',2415,2,'濮阳市','410000',2430),(149,3,'230600',2433,2,'大庆市','230000',2454),(150,3,'232700',2455,2,'大兴安岭地区','230000',2470),(151,3,'230100',2471,2,'哈尔滨市','230000',2510),(152,3,'230400',2511,2,'鹤岗市','230000',2530),(153,3,'231100',2531,2,'黑河市','230000',2546),(154,3,'230300',2547,2,'鸡西市','230000',2568),(155,3,'230800',2569,2,'佳木斯市','230000',2592),(156,3,'231000',2593,2,'牡丹江市','230000',2616),(157,3,'230900',2617,2,'七台河市','230000',2628),(158,3,'230200',2629,2,'齐齐哈尔市','230000',2664),(159,3,'230500',2665,2,'双鸭山市','230000',2684),(160,3,'231200',2685,2,'绥化市','230000',2708),(161,3,'230700',2709,2,'伊春市','230000',2746),(162,3,'420700',2749,2,'鄂州市','420000',2758),(163,3,'422800',2759,2,'恩施土家族苗族自治州','420000',2776),(164,3,'421100',2777,2,'黄冈市','420000',2800),(165,3,'420200',2801,2,'黄石市','420000',2816),(166,3,'420800',2817,2,'荆门市','420000',2830),(167,3,'421000',2831,2,'荆州市','420000',2850),(168,3,'429000',2851,2,'省直辖行政单位','420000',2860),(169,3,'420300',2861,2,'十堰市','420000',2880),(170,3,'421300',2881,2,'随州市','420000',2888),(171,3,'420100',2889,2,'武汉市','420000',2918),(172,3,'421200',2919,2,'咸宁市','420000',2934),(173,3,'420600',2935,2,'襄樊市','420000',2956),(174,3,'420900',2957,2,'孝感市','420000',2974),(175,3,'420500',2975,2,'宜昌市','420000',3004),(176,3,'430700',3007,2,'常德市','430000',3028),(177,3,'430100',3029,2,'长沙市','430000',3050),(178,3,'431000',3051,2,'郴州市','430000',3076),(179,3,'430400',3077,2,'衡阳市','430000',3104),(180,3,'431200',3105,2,'怀化市','430000',3132),(181,3,'431300',3133,2,'娄底市','430000',3146),(182,3,'430500',3147,2,'邵阳市','430000',3174),(183,3,'430300',3175,2,'湘潭市','430000',3188),(184,3,'433100',3189,2,'湘西土家族苗族自治州','430000',3206),(185,3,'430900',3207,2,'益阳市','430000',3222),(186,3,'431100',3223,2,'永州市','430000',3248),(187,3,'430600',3249,2,'岳阳市','430000',3270),(188,3,'430800',3271,2,'张家界市','430000',3282),(189,3,'430200',3283,2,'株洲市','430000',3304),(190,3,'220800',3307,2,'白城市','220000',3320),(191,3,'220600',3321,2,'白山市','220000',3336),(192,3,'220100',3337,2,'长春市','220000',3360),(193,3,'220200',3361,2,'吉林市','220000',3382),(194,3,'220400',3383,2,'辽源市','220000',3394),(195,3,'220300',3395,2,'四平市','220000',3410),(196,3,'220700',3411,2,'松原市','220000',3424),(197,3,'220500',3425,2,'通化市','220000',3442),(198,3,'222400',3443,2,'延边朝鲜族自治州','220000',3460),(199,3,'320400',3463,2,'常州市','320000',3480),(200,3,'320800',3481,2,'淮安市','320000',3500),(201,3,'320700',3501,2,'连云港市','320000',3518),(202,3,'320100',3519,2,'南京市','320000',3548),(203,3,'320600',3549,2,'南通市','320000',3568),(204,3,'320500',3569,2,'苏州市','320000',3594),(205,3,'321300',3595,2,'宿迁市','320000',3608),(206,3,'321200',3609,2,'泰州市','320000',3624),(207,3,'320200',3625,2,'无锡市','320000',3644),(208,3,'320300',3645,2,'徐州市','320000',3670),(209,3,'320900',3671,2,'盐城市','320000',3692),(210,3,'321000',3693,2,'扬州市','320000',3710),(211,3,'321100',3711,2,'镇江市','320000',3726),(212,3,'361000',3729,2,'抚州市','360000',3754),(213,3,'360700',3755,2,'赣州市','360000',3794),(214,3,'360800',3795,2,'吉安市','360000',3824),(215,3,'360200',3825,2,'景德镇市','360000',3836),(216,3,'360400',3837,2,'九江市','360000',3864),(217,3,'360100',3865,2,'南昌市','360000',3886),(218,3,'360300',3887,2,'萍乡市','360000',3900),(219,3,'361100',3901,2,'上饶市','360000',3928),(220,3,'360500',3929,2,'新余市','360000',3936),(221,3,'360900',3937,2,'宜春市','360000',3960),(222,3,'360600',3961,2,'鹰潭市','360000',3970),(223,3,'210300',3973,2,'鞍山市','210000',3990),(224,3,'210500',3991,2,'本溪市','210000',4006),(225,3,'211300',4007,2,'朝阳市','210000',4024),(226,3,'210200',4025,2,'大连市','210000',4048),(227,3,'210600',4049,2,'丹东市','210000',4064),(228,3,'210400',4065,2,'抚顺市','210000',4082),(229,3,'210900',4083,2,'阜新市','210000',4100),(230,3,'211400',4101,2,'葫芦岛市','210000',4116),(231,3,'210700',4117,2,'锦州市','210000',4134),(232,3,'211000',4135,2,'辽阳市','210000',4152),(233,3,'211100',4153,2,'盘锦市','210000',4164),(234,3,'210100',4165,2,'沈阳市','210000',4194),(235,3,'211200',4195,2,'铁岭市','210000',4212),(236,3,'210800',4213,2,'营口市','210000',4228),(237,3,'152900',4231,2,'阿拉善盟','150000',4238),(238,3,'150800',4239,2,'巴彦淖尔市','150000',4256),(239,3,'150200',4257,2,'包头市','150000',4278),(240,3,'150400',4279,2,'赤峰市','150000',4306),(241,3,'150600',4307,2,'鄂尔多斯市','150000',4324),(242,3,'150100',4325,2,'呼和浩特市','150000',4346),(243,3,'150700',4347,2,'呼伦贝尔市','150000',4376),(244,3,'150500',4377,2,'通辽市','150000',4396),(245,3,'150300',4397,2,'乌海市','150000',4406),(246,3,'150900',4407,2,'乌兰察布市','150000',4432),(247,3,'152500',4433,2,'锡林郭勒盟','150000',4458),(248,3,'152200',4459,2,'兴安盟','150000',4472),(249,3,'640400',4475,2,'固原市','640000',4488),(250,3,'640200',4489,2,'石嘴山市','640000',4498),(251,3,'640300',4499,2,'吴忠市','640000',4510),(252,3,'640100',4511,2,'银川市','640000',4526),(253,3,'640500',4527,2,'中卫市','640000',4536),(254,3,'632600',4539,2,'果洛藏族自治州','630000',4552),(255,3,'632200',4553,2,'海北藏族自治州','630000',4562),(256,3,'632100',4563,2,'海东地区','630000',4576),(257,3,'632500',4577,2,'海南藏族自治州','630000',4588),(258,3,'632800',4589,2,'海西蒙古族藏族自治州','630000',4606),(259,3,'632300',4607,2,'黄南藏族自治州','630000',4616),(260,3,'630100',4617,2,'西宁市','630000',4634),(261,3,'632700',4635,2,'玉树藏族自治州','630000',4648),(262,3,'371600',4651,2,'滨州市','370000',4668),(263,3,'371400',4669,2,'德州市','370000',4694),(264,3,'370500',4695,2,'东营市','370000',4708),(265,3,'371700',4709,2,'菏泽市','370000',4730),(266,3,'370100',4731,2,'济南市','370000',4754),(267,3,'370800',4755,2,'济宁市','370000',4782),(268,3,'371200',4783,2,'莱芜市','370000',4790),(269,3,'371500',4791,2,'聊城市','370000',4810),(270,3,'371300',4811,2,'临沂市','370000',4838),(271,3,'370200',4839,2,'青岛市','370000',4866),(272,3,'371100',4867,2,'日照市','370000',4878),(273,3,'370900',4879,2,'泰安市','370000',4894),(274,3,'371000',4895,2,'威海市','370000',4906),(275,3,'370700',4907,2,'潍坊市','370000',4934),(276,3,'370600',4935,2,'烟台市','370000',4962),(277,3,'370400',4963,2,'枣庄市','370000',4978),(278,3,'370300',4979,2,'淄博市','370000',4998),(279,3,'140400',5001,2,'长治市','140000',5030),(280,3,'140200',5031,2,'大同市','140000',5056),(281,3,'140500',5057,2,'晋城市','140000',5072),(282,3,'140700',5073,2,'晋中市','140000',5098),(283,3,'141000',5099,2,'临汾市','140000',5136),(284,3,'141100',5137,2,'吕梁市','140000',5166),(285,3,'140600',5167,2,'朔州市','140000',5182),(286,3,'140100',5183,2,'太原市','140000',5206),(287,3,'140900',5207,2,'忻州市','140000',5238),(288,3,'140300',5239,2,'阳泉市','140000',5252),(289,3,'140800',5253,2,'运城市','140000',5282),(290,3,'610900',5285,2,'安康市','610000',5308),(291,3,'610300',5309,2,'宝鸡市','610000',5336),(292,3,'610700',5337,2,'汉中市','610000',5362),(293,3,'611000',5363,2,'商洛市','610000',5380),(294,3,'610200',5381,2,'铜川市','610000',5392),(295,3,'610500',5393,2,'渭南市','610000',5418),(296,3,'610100',5419,2,'西安市','610000',5448),(297,3,'610400',5449,2,'咸阳市','610000',5480),(298,3,'610600',5481,2,'延安市','610000',5510),(299,3,'610800',5511,2,'榆林市','610000',5538),(302,3,'513200',5619,2,'阿坝藏族羌族自治州','510000',5646),(303,3,'511900',5647,2,'巴中市','510000',5658),(304,3,'510100',5659,2,'成都市','510000',5700),(305,3,'511700',5701,2,'达州市','510000',5718),(306,3,'510600',5719,2,'德阳市','510000',5734),(307,3,'513300',5735,2,'甘孜藏族自治州','510000',5772),(308,3,'511600',5773,2,'广安市','510000',5786),(309,3,'510800',5787,2,'广元市','510000',5804),(310,3,'511100',5805,2,'乐山市','510000',5830),(311,3,'513400',5831,2,'凉山彝族自治州','510000',5866),(312,3,'511400',5867,2,'眉山市','510000',5882),(313,3,'510700',5883,2,'绵阳市','510000',5904),(314,3,'511300',5905,2,'南充市','510000',5926),(315,3,'511000',5927,2,'内江市','510000',5940),(316,3,'510400',5941,2,'攀枝花市','510000',5954),(317,3,'510900',5955,2,'遂宁市','510000',5968),(318,3,'511800',5969,2,'雅安市','510000',5988),(319,3,'511500',5989,2,'宜宾市','510000',6012),(320,3,'512000',6013,2,'资阳市','510000',6024),(321,3,'510300',6025,2,'自贡市','510000',6040),(322,3,'510500',6041,2,'泸州市','510000',6058),(325,3,'542500',6135,2,'阿里地区','540000',6150),(326,3,'542100',6151,2,'昌都地区','540000',6174),(327,3,'540100',6175,2,'拉萨市','540000',6194),(328,3,'542600',6195,2,'林芝地区','540000',6210),(329,3,'542400',6211,2,'那曲地区','540000',6232),(330,3,'542300',6233,2,'日喀则地区','540000',6270),(331,3,'542200',6271,2,'山南地区','540000',6296),(332,3,'652900',6299,2,'阿克苏地区','650000',6318),(333,3,'654300',6319,2,'阿勒泰地区','650000',6334),(334,3,'652800',6335,2,'巴音郭楞蒙古自治州','650000',6354),(335,3,'652700',6355,2,'博尔塔拉蒙古自治州','650000',6362),(336,3,'652300',6363,2,'昌吉回族自治州','650000',6380),(337,3,'652200',6381,2,'哈密地区','650000',6388),(338,3,'653200',6389,2,'和田地区','650000',6406),(339,3,'653100',6407,2,'喀什地区','650000',6432),(340,3,'650200',6433,2,'克拉玛依市','650000',6444),(341,3,'653000',6445,2,'克孜勒苏柯尔克孜自治州','650000',6454),(342,3,'659000',6455,2,'省直辖行政单位','650000',6464),(343,3,'650300',6465,2,'石河子市','650000',6466),(344,3,'654200',6467,2,'塔城地区','650000',6482),(345,3,'652100',6483,2,'吐鲁番地区','650000',6490),(346,3,'650100',6491,2,'乌鲁木齐市','650000',6510),(347,3,'654000',6511,2,'伊犁哈萨克自治州','650000',6532),(348,3,'530500',6535,2,'保山市','530000',6548),(349,3,'532300',6549,2,'楚雄彝族自治州','530000',6570),(350,3,'532900',6571,2,'大理白族自治州','530000',6596),(351,3,'533100',6597,2,'德宏傣族景颇族自治州','530000',6608),(352,3,'533400',6609,2,'迪庆藏族自治州','530000',6616),(353,3,'532500',6617,2,'红河哈尼族彝族自治州','530000',6644),(354,3,'530100',6645,2,'昆明市','530000',6676),(355,3,'530700',6677,2,'丽江市','530000',6690),(356,3,'530900',6691,2,'临沧市','530000',6710),(357,3,'533300',6711,2,'怒江傈僳族自治州','530000',6720),(358,3,'530300',6721,2,'曲靖市','530000',6742),(359,3,'530800',6743,2,'思茅市','530000',6766),(360,3,'532600',6767,2,'文山壮族苗族自治州','530000',6784),(361,3,'532800',6785,2,'西双版纳傣族自治州','530000',6792),(362,3,'530400',6793,2,'玉溪市','530000',6814),(363,3,'530600',6815,2,'昭通市','530000',6840),(364,3,'330100',6843,2,'杭州市','330000',6872),(365,3,'330500',6873,2,'湖州市','330000',6886),(366,3,'330400',6887,2,'嘉兴市','330000',6904),(367,3,'330700',6905,2,'金华市','330000',6926),(368,3,'331100',6927,2,'丽水市','330000',6948),(369,3,'330200',6949,2,'宁波市','330000',6974),(370,3,'330600',6975,2,'绍兴市','330000',6990),(371,3,'331000',6991,2,'台州市','330000',7012),(372,3,'330300',7013,2,'温州市','330000',7038),(373,3,'330900',7039,2,'舟山市','330000',7050),(374,3,'330800',7051,2,'衢州市','330000',7066),(377,3,'341302',208,3,'埇桥区','341300',209),(378,3,'411502',2286,3,'浉河区','411500',2287),(379,3,'420505',2976,3,'猇亭区','420500',2977),(380,3,'152522',4434,3,'阿巴嘎旗','152500',4435),(381,3,'513231',5620,3,'阿坝县','513200',5621),(382,3,'230112',2472,3,'阿城区','230100',2473),(383,3,'152202',4460,3,'阿尔山市','152200',4461),(384,3,'653023',6446,3,'阿合奇县','653000',6447),(385,3,'620924',628,3,'阿克塞哈萨克族自治县','620900',629),(386,3,'652901',6300,3,'阿克苏市','652900',6301),(387,3,'653022',6448,3,'阿克陶县','653000',6449),(388,3,'659002',6456,3,'阿拉尔市','659000',6457),(389,3,'152922',4232,3,'阿拉善右旗','152900',4233),(390,3,'152921',4234,3,'阿拉善左旗','152900',4235),(391,3,'654301',6320,3,'阿勒泰市','654300',6321),(392,3,'150421',4280,3,'阿鲁科尔沁旗','150400',4281),(393,3,'150721',4348,3,'阿荣旗','150700',4349),(394,3,'653001',6450,3,'阿图什市','653000',6451),(395,3,'652928',6302,3,'阿瓦提县','652900',6303),(396,3,'231102',2532,3,'爱辉区','231100',2533),(397,3,'231004',2594,3,'爱民区','231000',2595),(398,3,'131002',1840,3,'安次区','131000',1841),(399,3,'231281',2686,3,'安达市','231200',2687),(400,3,'621102',580,3,'安定区','621100',581),(401,3,'542425',6212,3,'安多县','542400',6213),(402,3,'360829',3796,3,'安福县','360800',3797),(403,3,'130683',1656,3,'安国市','130600',1657),(404,3,'430923',3208,3,'安化县','430900',3209),(405,3,'330523',6874,3,'安吉县','330500',6875),(406,3,'510904',5956,3,'安居区','510900',5957),(407,3,'522328',1524,3,'安龙县','522300',1525),(408,3,'420982',2958,3,'安陆市','420900',2959),(409,3,'620105',646,3,'安宁区','620100',647),(410,3,'530181',6646,3,'安宁市','530100',6647),(411,3,'131125',1814,3,'安平县','131100',1815),(412,3,'370784',4908,3,'安丘市','370700',4909),(413,3,'431028',3052,3,'安仁县','431000',3053),(414,3,'610624',5482,3,'安塞县','610600',5483),(415,3,'222426',3444,3,'安图县','222400',3445),(416,3,'350524',466,3,'安溪县','350500',467),(417,3,'510724',5884,3,'安县','510700',5885),(418,3,'430721',3008,3,'安乡县','430700',3009),(419,3,'130632',1658,3,'安新县','130600',1659),(420,3,'410522',2046,3,'安阳县','410500',2047),(421,3,'360123',3866,3,'安义县','360100',3867),(422,3,'360302',3888,3,'安源区','360300',3889),(423,3,'360726',3756,3,'安远县','360700',3757),(424,3,'512021',6014,3,'安岳县','512000',6015),(425,3,'141026',5100,3,'安泽县','141000',5101),(426,3,'230205',2630,3,'昂昂溪区','230200',2631),(427,3,'542327',6234,3,'昂仁县','542300',6235),(428,3,'150430',4282,3,'敖汉旗','150400',4283),(429,3,'451102',1268,3,'八步区','451100',1269),(430,3,'220602',3322,3,'八道江区','220600',3323),(431,3,'340405',144,3,'八公山区','340400',145),(432,3,'542127',6152,3,'八宿县','542100',6153),(433,3,'653130',6408,3,'巴楚县','653100',6409),(434,3,'422823',2760,3,'巴东县','422800',2761),(435,3,'652222',6382,3,'巴里坤哈萨克自治县','652200',6383),(436,3,'150423',4284,3,'巴林右旗','150400',4285),(437,3,'150422',4286,3,'巴林左旗','150400',4287),(438,3,'451227',1242,3,'巴马瑶族自治县','451200',1243),(439,3,'500113',7149,2,'巴南区','500000',7150),(440,3,'542429',6214,3,'巴青县','542400',6215),(441,3,'513335',5736,3,'巴塘县','513300',5737),(442,3,'230126',2474,3,'巴彦县','230100',2475),(443,3,'511902',5648,3,'巴州区','511900',5649),(444,3,'131081',1842,3,'霸州市','131000',1843),(445,3,'610929',5286,3,'白河县','610900',5287),(446,3,'650204',6434,3,'白碱滩区','650200',6435),(447,3,'542329',6236,3,'白朗县','542300',6237),(448,3,'469030',1614,3,'白沙黎族自治县','469000',1615),(449,3,'610527',5394,3,'白水县','610500',5395),(450,3,'211002',4136,3,'白塔区','211000',4137),(451,3,'320103',3520,3,'白下区','320100',3521),(452,3,'620402',566,3,'白银区','620400',567),(453,3,'513331',5738,3,'白玉县','513300',5739),(454,3,'150206',4258,3,'白云矿区','150200',4259),(455,3,'520113',1430,3,'白云区','520100',1431),(456,3,'440111',820,3,'白云区','440100',821),(457,3,'130524',1964,3,'柏乡县','130500',1965),(458,3,'652926',6304,3,'拜城县','652900',6305),(459,3,'230231',2632,3,'拜泉县','230200',2633),(460,3,'542428',6216,3,'班戈县','542400',6217),(461,3,'632622',4540,3,'班玛县','632600',4541),(462,3,'340303',30,3,'蚌山区','340300',31),(463,3,'340111',114,3,'包河区','340100',115),(464,3,'140931',5208,3,'保德县','140900',5209),(465,3,'433125',3190,3,'保靖县','433100',3191),(466,3,'420626',2936,3,'保康县','420600',2937),(467,3,'469035',1616,3,'保亭黎族苗族自治县','469000',1617),(468,3,'440306',1020,3,'宝安区','440300',1021),(469,3,'410421',2196,3,'宝丰县','410400',2197),(470,3,'230523',2666,3,'宝清县','230500',2667),(471,3,'230506',2668,3,'宝山区','230500',2669),(472,3,'310113',5579,2,'宝山区','310000',5580),(473,3,'610602',5484,3,'宝塔区','610600',5485),(474,3,'511827',5970,3,'宝兴县','511800',5971),(475,3,'321023',3694,3,'宝应县','321000',3695),(476,3,'120115',6097,2,'宝坻区','120000',6098),(477,3,'610103',5420,3,'碑林区','610100',5421),(478,3,'231181',2534,3,'北安市','231100',2535),(479,3,'120113',6099,2,'北辰区','120000',6100),(480,3,'510726',5886,3,'北川羌族自治县','510700',5887),(481,3,'130304',1864,3,'北戴河区','130300',1865),(482,3,'620503',744,3,'北道区','620500',745),(483,3,'410503',2048,3,'北关区','410500',2049),(484,3,'431002',3054,3,'北湖区','431000',3055),(485,3,'231202',2688,3,'北林区','231200',2689),(486,3,'450981',1378,3,'北流市','450900',1379),(487,3,'330206',6950,3,'北仑区','330200',6951),(488,3,'211381',4008,3,'北票市','211300',4009),(489,3,'130603',1660,3,'北市区','130600',1661),(490,3,'430511',3148,3,'北塔区','430500',3149),(491,3,'320204',3626,3,'北塘区','320200',3627),(492,3,'210782',4118,3,'北镇市','210700',4119),(493,3,'500109',7151,2,'北碚区','500000',7152),(494,3,'210521',3992,3,'本溪满族自治县','210500',3993),(495,3,'542423',6218,3,'比如县','542400',6219),(496,3,'522401',1412,3,'毕节市','522400',1413),(497,3,'542133',6154,3,'边坝县','542100',6155),(498,3,'610427',5450,3,'彬县','610400',5451),(499,3,'371602',4652,3,'滨城区','371600',4653),(500,3,'320922',3672,3,'滨海县','320900',3673),(501,3,'320211',3628,3,'滨湖区','320200',3629),(502,3,'330108',6844,3,'滨江区','330100',6845),(503,3,'532924',6572,3,'宾川县','532900',6573),(504,3,'230125',2476,3,'宾县','230100',2477),(505,3,'450126',1320,3,'宾阳县','450100',1321),(506,3,'542625',6196,3,'波密县','542600',6197),(507,3,'410822',2082,3,'博爱县','410800',2083),(508,3,'450923',1380,3,'博白县','450900',1381),(509,3,'652829',6336,3,'博湖县','652800',6337),(510,3,'652701',6356,3,'博乐市','652700',6357),(511,3,'441322',864,3,'博罗县','441300',865),(512,3,'370304',4980,3,'博山区','370300',4981),(513,3,'371625',4654,3,'博兴县','371600',4655),(514,3,'130637',1662,3,'博野县','130600',1663),(515,3,'230921',2618,3,'勃利县','230900',2619),(516,3,'130981',1710,3,'泊头市','130900',1711),(517,3,'654321',6322,3,'布尔津县','654300',6323),(518,3,'513429',5832,3,'布拖县','513400',5833),(519,3,'420114',2890,3,'蔡甸区','420100',2891),(520,3,'330327',7014,3,'苍南县','330300',7015),(521,3,'371324',4812,3,'苍山县','371300',4813),(522,3,'450421',1360,3,'苍梧县','450400',1361),(523,3,'510824',5788,3,'苍溪县','510800',5789),(524,3,'350104',358,3,'仓山区','350100',359),(525,3,'320502',3570,3,'沧浪区','320500',3571),(526,3,'130921',1712,3,'沧县','130900',1713),(527,3,'530927',6692,3,'沧源佤族自治县','530900',6693),(528,3,'371721',4710,3,'曹县','371700',4711),(529,3,'653225',6390,3,'策勒县','653200',6391),(530,3,'522327',1526,3,'册亨县','522300',1527),(531,3,'430224',3284,3,'茶陵县','430200',3285),(532,3,'654022',6512,3,'察布查尔锡伯自治县','654000',6513),(533,3,'150928',4408,3,'察哈尔右翼后旗','150900',4409),(534,3,'150926',4410,3,'察哈尔右翼前旗','150900',4411),(535,3,'150927',4412,3,'察哈尔右翼中旗','150900',4413),(536,3,'542126',6156,3,'察雅县','542100',6157),(537,3,'542626',6198,3,'察隅县','542600',6199),(538,3,'542121',6158,3,'昌都县','542100',6159),(539,3,'652301',6364,3,'昌吉市','652300',6365),(540,3,'469031',1618,3,'昌江黎族自治县','469000',1619),(541,3,'360202',3826,3,'昌江区','360200',3827),(542,3,'370725',4910,3,'昌乐县','370700',4911),(543,3,'130322',1866,3,'昌黎县','130300',1867),(544,3,'530524',6536,3,'昌宁县','530500',6537),(545,3,'110114',319,2,'昌平区','110000',320),(546,3,'211224',4196,3,'昌图县','211200',4197),(547,3,'220202',3362,3,'昌邑区','220200',3363),(548,3,'370786',4912,3,'昌邑市','370700',4913),(549,3,'420104',2892,3,'硚口区','420100',2893),(550,3,'430482',3078,3,'常宁市','430400',3079),(551,3,'330822',7052,3,'常山县','330800',7053),(552,3,'320581',3572,3,'常熟市','320500',3573),(553,3,'610116',5422,3,'长安区','610100',5423),(554,3,'130102',1882,3,'长安区','130100',1883),(555,3,'220623',3324,3,'长白朝鲜族自治县','220600',3325),(556,3,'370634',4936,3,'长岛县','370600',4937),(557,3,'340121',116,3,'长丰县','340100',117),(558,3,'411082',2310,3,'长葛市','411000',2311),(559,3,'210224',4026,3,'长海县','210200',4027),(560,3,'350182',360,3,'长乐市','350100',361),(561,3,'220722',3412,3,'长岭县','220700',3413),(562,3,'310105',5581,2,'长宁区','310000',5582),(563,3,'511524',5990,3,'长宁县','511500',5991),(564,3,'370113',4732,3,'长清区','370100',4733),(565,3,'430121',3030,3,'长沙县','430100',3031),(566,3,'500115',7153,2,'长寿区','500000',7154),(567,3,'522729',1498,3,'长顺县','522700',1499),(568,3,'350625',538,3,'长泰县','350600',539),(569,3,'350821',388,3,'长汀县','350800',389),(570,3,'610428',5452,3,'长武县','610400',5453),(571,3,'330522',6876,3,'长兴县','330500',6877),(572,3,'420528',2978,3,'长阳土家族自治县','420500',2979),(573,3,'410728',2258,3,'长垣县','410700',2259),(574,3,'140421',5002,3,'长治县','140400',5003),(575,3,'450405',1362,3,'长洲区','450400',1363),(576,3,'140428',5004,3,'长子县','140400',5005),(577,3,'510812',5790,3,'朝天区','510800',5791),(578,3,'220104',3338,3,'朝阳区','220100',3339),(579,3,'110105',321,2,'朝阳区','110000',322),(580,3,'211321',4010,3,'朝阳县','211300',4011),(581,3,'445121',792,3,'潮安县','445100',793),(582,3,'440514',966,3,'潮南区','440500',967),(583,3,'440513',968,3,'潮阳区','440500',969),(584,3,'431223',3106,3,'辰溪县','431200',3107),(585,3,'150725',4350,3,'陈巴尔虎旗','150700',4351),(586,3,'610304',5310,3,'陈仓区','610300',5311),(587,3,'632723',4636,3,'称多县','632700',4637),(588,3,'630105',4618,3,'城北区','630100',4619),(589,3,'430529',3150,3,'城步苗族自治县','430500',3151),(590,3,'630102',4620,3,'城东区','630100',4621),(591,3,'610722',5338,3,'城固县','610700',5339),(592,3,'620102',648,3,'城关区','620100',649),(593,3,'540102',6176,3,'城关区','540100',6177),(594,3,'500229',7155,2,'城口县','500000',7156),(595,3,'441502',984,3,'城区','441500',985),(596,3,'140202',5032,3,'城区','140200',5033),(597,3,'140302',5240,3,'城区','140300',5241),(598,3,'140402',5006,3,'城区','140400',5007),(599,3,'140502',5058,3,'城区','140500',5059),(600,3,'630104',4622,3,'城西区','630100',4623),(601,3,'350302',452,3,'城厢区','350300',453),(602,3,'370214',4840,3,'城阳区','370200',4841),(603,3,'630103',4624,3,'城中区','630100',4625),(604,3,'450202',1296,3,'城中区','450200',1297),(605,3,'230306',2548,3,'城子河区','230300',2549),(606,3,'130424',1772,3,'成安县','130400',1773),(607,3,'510108',5660,3,'成华区','510100',5661),(608,3,'371723',4712,3,'成武县','371700',4713),(609,3,'621221',684,3,'成县','621200',685),(610,3,'530121',6648,3,'呈贡县','530100',6649),(611,3,'610525',5396,3,'澄城县','610500',5397),(612,3,'440515',970,3,'澄海区','440500',971),(613,3,'530422',6794,3,'澄江县','530400',6795),(614,3,'469027',1620,3,'澄迈县','469000',1621),(615,3,'130821',1746,3,'承德县','130800',1747),(616,3,'421281',2920,3,'赤壁市','421200',2921),(617,3,'130732',2006,3,'赤城县','130700',2007),(618,3,'440802',1062,3,'赤坎区','440800',1063),(619,3,'520381',1564,3,'赤水市','520300',1565),(620,3,'320202',3630,3,'崇安区','320200',3631),(621,3,'320602',3550,3,'崇川区','320600',3551),(622,3,'130733',2008,3,'崇礼县','130700',2009),(623,3,'310230',5583,2,'崇明县','310000',5584),(624,3,'361024',3730,3,'崇仁县','361000',3731),(625,3,'110103',323,2,'崇文区','110000',324),(626,3,'620823',706,3,'崇信县','620800',707),(627,3,'421223',2922,3,'崇阳县','421200',2923),(628,3,'360725',3758,3,'崇义县','360700',3759),(629,3,'510184',5662,3,'崇州市','510100',5663),(630,3,'532301',6550,3,'楚雄市','532300',6551),(631,3,'320803',3482,3,'楚州区','320800',3483),(632,3,'411602',2354,3,'川汇区','411600',2355),(633,3,'510903',5958,3,'船山区','510900',5959),(634,3,'220204',3364,3,'船营区','220200',3365),(635,3,'330127',6846,3,'淳安县','330100',6847),(636,3,'610430',5454,3,'淳化县','610400',5455),(637,3,'130427',1774,3,'磁县','130400',1775),(638,3,'430821',3272,3,'慈利县','430800',3273),(639,3,'330282',6952,3,'慈溪市','330200',6953),(640,3,'440184',822,3,'从化市','440100',823),(641,3,'522633',1464,3,'从江县','522600',1465),(642,3,'130403',1776,3,'丛台区','130400',1777),(643,3,'230706',2710,3,'翠峦区','230700',2711),(644,3,'511502',5992,3,'翠屏区','511500',5993),(645,3,'530802',6744,3,'翠云区','530800',6745),(646,3,'542227',6272,3,'措美县','542200',6273),(647,3,'542527',6136,3,'措勤县','542500',6137),(648,3,'542232',6274,3,'错那县','542200',6275),(649,3,'150223',4260,3,'达尔罕茂明安联合旗','150200',4261),(650,3,'150621',4308,3,'达拉特旗','150600',4309),(651,3,'632624',4542,3,'达日县','632600',4543),(652,3,'511721',5702,3,'达县','511700',5703),(653,3,'540126',6178,3,'达孜县','540100',6179),(654,3,'650107',6492,3,'达坂城区','650100',6493),(655,3,'510304',6026,3,'大安区','510300',6027),(656,3,'220882',3308,3,'大安市','220800',3309),(657,3,'632826',4590,3,'大柴旦','632800',4591),(658,3,'131028',1844,3,'大厂回族自治县','131000',1845),(659,3,'131025',1846,3,'大城县','131000',1847),(660,3,'210104',4166,3,'大东区','210100',4167),(661,3,'500104',7157,2,'大渡口区','500000',7158),(662,3,'522422',1414,3,'大方县','522400',1415),(663,3,'320982',3674,3,'大丰市','320900',3675),(664,3,'120109',6101,2,'大港区','120000',6102),(665,3,'530624',6816,3,'大关县','530600',6817),(666,3,'340803',4,3,'大观区','340800',5),(667,3,'451229',1244,3,'大化瑶族自治县','451200',1245),(668,3,'532901',6574,3,'大理市','532900',6575),(669,3,'610523',5398,3,'大荔县','610500',5399),(670,3,'130425',1778,3,'大名县','130400',1779),(671,3,'141030',5102,3,'大宁县','141000',5103),(672,3,'441422',926,3,'大埔县','441400',927),(673,3,'210882',4214,3,'大石桥市','210800',4215),(674,3,'350425',494,3,'大田县','350400',495),(675,3,'630121',4626,3,'大通回族土族自治县','630100',4627),(676,3,'340402',146,3,'大通区','340400',147),(677,3,'230606',2434,3,'大同区','230600',2435),(678,3,'140227',5034,3,'大同县','140200',5035),(679,3,'211121',4154,3,'大洼县','211100',4155),(680,3,'640202',4490,3,'大武口区','640200',4491),(681,3,'420922',2960,3,'大悟县','420900',2961),(682,3,'430503',3152,3,'大祥区','430500',3153),(683,3,'451424',1160,3,'大新县','451400',1161),(684,3,'110115',325,2,'大兴区','110000',326),(685,3,'532326',6552,3,'大姚县','532300',6553),(686,3,'420281',2802,3,'大冶市','420200',2803),(687,3,'510129',5664,3,'大邑县','510100',5665),(688,3,'510923',5960,3,'大英县','510900',5961),(689,3,'360723',3760,3,'大余县','360700',3761),(690,3,'511724',5704,3,'大竹县','511700',5705),(691,3,'500225',7159,2,'大足县','500000',7160),(692,3,'230713',2712,3,'带岭区','230700',2713),(693,3,'140923',5210,3,'代县','140900',5211),(694,3,'513323',5740,3,'丹巴县','513300',5741),(695,3,'611022',5364,3,'丹凤县','611000',5365),(696,3,'420381',2862,3,'丹江口市','420300',2863),(697,3,'511424',5868,3,'丹棱县','511400',5869),(698,3,'321112',3712,3,'丹徒区','321100',3713),(699,3,'321181',3714,3,'丹阳市','321100',3715),(700,3,'522636',1466,3,'丹寨县','522600',1467),(701,3,'371722',4714,3,'单县','371700',4715),(702,3,'411625',2356,3,'郸城县','411600',2357),(703,3,'340521',196,3,'当涂县','340500',197),(704,3,'540122',6180,3,'当雄县','540100',6181),(705,3,'420582',2980,3,'当阳市','420500',2981),(706,3,'513337',5742,3,'稻城县','513300',5743),(707,3,'230102',2478,3,'道里区','230100',2479),(708,3,'230104',2480,3,'道外区','230100',2481),(709,3,'431124',3224,3,'道县','431100',3225),(710,3,'520325',1566,3,'道真仡佬族苗族自治县','520300',1567),(711,3,'513326',5744,3,'道孚县','513300',5745),(712,3,'360426',3838,3,'德安县','360400',3839),(713,3,'451024',1120,3,'德保县','451000',1121),(714,3,'513424',5834,3,'德昌县','513400',5835),(715,3,'371402',4670,3,'德城区','371400',4671),(716,3,'513330',5746,3,'德格县','513300',5747),(717,3,'350526',468,3,'德化县','350500',469),(718,3,'220183',3340,3,'德惠市','220100',3341),(719,3,'522227',1542,3,'德江县','522200',1543),(720,3,'632802',4592,3,'德令哈市','632800',4593),(721,3,'533422',6610,3,'德钦县','533400',6611),(722,3,'330521',6878,3,'德清县','330500',6879),(723,3,'441226',1084,3,'德庆县','441200',1085),(724,3,'361181',3902,3,'德兴市','361100',3903),(725,3,'513338',5748,3,'得荣县','513300',5749),(726,3,'211081',4138,3,'灯塔市','211000',4139),(727,3,'410185',2326,3,'登封市','410100',2327),(728,3,'411381',2166,3,'邓州市','411300',2167),(729,3,'230304',2550,3,'滴道区','230300',2551),(730,3,'420504',2982,3,'点军区','420500',2983),(731,3,'500231',7161,2,'垫江县','500000',7162),(732,3,'440923',910,3,'电白县','440900',911),(733,3,'211281',4198,3,'调兵山市','211200',4199),(734,3,'450404',1364,3,'蝶山区','450400',1365),(735,3,'623024',598,3,'迭部县','623000',599),(736,3,'450303',1190,3,'叠彩区','450300',1191),(737,3,'542125',6160,3,'丁青县','542100',6161),(738,3,'430703',3010,3,'鼎城区','430700',3011),(739,3,'441203',1086,3,'鼎湖区','441200',1087),(740,3,'469025',1622,3,'定安县','469000',1623),(741,3,'610825',5512,3,'定边县','610800',5513),(742,3,'330902',7040,3,'定海区','330900',7041),(743,3,'542332',6238,3,'定结县','542300',6239),(744,3,'360728',3762,3,'定南县','360700',3763),(745,3,'542324',6240,3,'定日县','542300',6241),(746,3,'371727',4716,3,'定陶县','371700',4717),(747,3,'140921',5212,3,'定襄县','140900',5213),(748,3,'130626',1664,3,'定兴县','130600',1665),(749,3,'341125',74,3,'定远县','341100',75),(750,3,'130682',1666,3,'定州市','130600',1667),(751,3,'371524',4792,3,'东阿县','371500',4793),(752,3,'231002',2596,3,'东安区','231000',2597),(753,3,'431122',3226,3,'东安县','431100',3227),(754,3,'420802',2818,3,'东宝区','420800',2819),(755,3,'371502',4794,3,'东昌府区','371500',4795),(756,3,'220502',3426,3,'东昌区','220500',3427),(757,3,'110101',327,2,'东城区','110000',328),(758,3,'530113',6650,3,'东川区','530100',6651),(759,3,'469007',1624,3,'东方市','469000',1625),(760,3,'220421',3384,3,'东丰县','220400',3385),(761,3,'230805',2570,3,'东风区','230800',2571),(762,3,'371102',4868,3,'东港区','371100',4869),(763,3,'210681',4050,3,'东港市','210600',4051),(764,3,'130923',1714,3,'东光县','130900',1715),(765,3,'320722',3502,3,'东海县','320700',3503),(766,3,'150202',4262,3,'东河区','150200',4263),(767,3,'360102',3868,3,'东湖区','360100',3869),(768,3,'451224',1246,3,'东兰县','451200',1247),(769,3,'120110',6103,2,'东丽区','120000',6104),(770,3,'220422',3386,3,'东辽县','220400',3387),(771,3,'210112',4168,3,'东陵区','210100',4169),(772,3,'371728',4718,3,'东明县','371700',4719),(773,3,'231024',2598,3,'东宁县','231000',2599),(774,3,'370923',4880,3,'东平县','370900',4881),(775,3,'511402',5870,3,'东坡区','511400',5871),(776,3,'510402',5942,3,'东区','510400',5943),(777,3,'650108',6494,3,'东山区','650100',6495),(778,3,'230406',2512,3,'东山区','230400',2513),(779,3,'350626',540,3,'东山县','350600',541),(780,3,'150602',4310,3,'东胜区','150600',4311),(781,3,'320981',3676,3,'东台市','320900',3677),(782,3,'152525',4436,3,'东乌珠穆沁旗','152500',4437),(783,3,'420112',2894,3,'东西湖区','420100',2895),(784,3,'361029',3732,3,'东乡县','361000',3733),(785,3,'622926',666,3,'东乡族自治县','622900',667),(786,3,'511011',5928,3,'东兴区','511000',5929),(787,3,'450681',1178,3,'东兴市','450600',1179),(788,3,'330783',6906,3,'东阳市','330700',6907),(789,3,'370502',4696,3,'东营区','370500',4697),(790,3,'441625',848,3,'东源县','441600',849),(791,3,'341721',62,3,'东至县','341700',63),(792,3,'210403',4066,3,'东洲区','210400',4067),(793,3,'441901',802,3,'东莞市市辖区','441900',803),(794,3,'430525',3154,3,'洞口县','430500',3155),(795,3,'330322',7016,3,'洞头县','330300',7017),(796,3,'440403',1108,3,'斗门区','440400',1109),(797,3,'451228',1248,3,'都安瑶族自治县','451200',1249),(798,3,'360428',3840,3,'都昌县','360400',3841),(799,3,'510181',5666,3,'都江堰市','510100',5667),(800,3,'632822',4594,3,'都兰县','632800',4595),(801,3,'522701',1500,3,'都匀市','522700',1501),(802,3,'522726',1502,3,'独山县','522700',1503),(803,3,'650202',6436,3,'独山子区','650200',6437),(804,3,'230624',2436,3,'杜尔伯特蒙古族自治县','230600',2437),(805,3,'340602',132,3,'杜集区','340600',133),(806,3,'441202',1088,3,'端州区','441200',1089),(807,3,'540125',6182,3,'堆龙德庆县','540100',6183),(808,3,'222403',3446,3,'敦化市','222400',3447),(809,3,'620982',630,3,'敦煌市','620900',631),(810,3,'420804',2820,3,'掇刀区','420800',2821),(811,3,'152531',4438,3,'多伦县','152500',4439),(812,3,'511132',5806,3,'峨边彝族自治县','511100',5807),(813,3,'511181',5808,3,'峨眉山市','511100',5809),(814,3,'530426',6796,3,'峨山彝族自治县','530400',6797),(815,3,'150784',4352,3,'额尔古纳市','150700',4353),(816,3,'152923',4236,3,'额济纳旗','152900',4237),(817,3,'654221',6468,3,'额敏县','654200',6469),(818,3,'420704',2750,3,'鄂城区','420700',2751),(819,3,'150723',4354,3,'鄂伦春自治旗','150700',4355),(820,3,'150624',4312,3,'鄂托克旗','150600',4313),(821,3,'150623',4314,3,'鄂托克前旗','150600',4315),(822,3,'150724',4356,3,'鄂温克族自治旗','150700',4357),(823,3,'440785',878,3,'恩平市','440700',879),(824,3,'422801',2762,3,'恩施市','422800',2763),(825,3,'532930',6576,3,'洱源县','532900',6577),(826,3,'220503',3428,3,'二道江区','220500',3429),(827,3,'220105',3342,3,'二道区','220100',3343),(828,3,'152501',4440,3,'二连浩特市','152500',4441),(829,3,'410103',2328,3,'二七区','410100',2329),(830,3,'210124',4170,3,'法库县','210100',4171),(831,3,'440113',824,3,'番禺区','440100',825),(832,3,'420606',2938,3,'樊城区','420600',2939),(833,3,'340222',234,3,'繁昌县','340200',235),(834,3,'140924',5214,3,'繁峙县','140900',5215),(835,3,'410926',2416,3,'范县','410900',2417),(836,3,'370704',4914,3,'坊子区','370700',4915),(837,3,'411322',2168,3,'方城县','411300',2169),(838,3,'141128',5138,3,'方山县','141100',5139),(839,3,'230124',2482,3,'方正县','230100',2483),(840,3,'110111',329,2,'房山区','110000',330),(841,3,'420325',2864,3,'房县','420300',2865),(842,3,'450603',1180,3,'防城区','450600',1181),(843,3,'370983',4882,3,'肥城市','370900',4883),(844,3,'340122',118,3,'肥东县','340100',119),(845,3,'340123',120,3,'肥西县','340100',121),(846,3,'130428',1780,3,'肥乡县','130400',1781),(847,3,'371325',4814,3,'费县','371300',4815),(848,3,'360521',3930,3,'分宜县','360500',3931),(849,3,'141034',5104,3,'汾西县','141000',5105),(850,3,'141182',5140,3,'汾阳市','141100',5141),(851,3,'360981',3938,3,'丰城市','360900',3939),(852,3,'500230',7163,2,'丰都县','500000',7164),(853,3,'220211',3366,3,'丰满区','220200',3367),(854,3,'130207',1932,3,'丰南区','130200',1933),(855,3,'130826',1748,3,'丰宁满族自治县','130800',1749),(856,3,'130208',1934,3,'丰润区','130200',1935),(857,3,'441423',928,3,'丰顺县','441400',929),(858,3,'110106',331,2,'丰台区','110000',332),(859,3,'320321',3646,3,'丰县','320300',3647),(860,3,'350503',470,3,'丰泽区','350500',471),(861,3,'150981',4414,3,'丰镇市','150900',4415),(862,3,'441225',1090,3,'封开县','441200',1091),(863,3,'410727',2260,3,'封丘县','410700',2261),(864,3,'130406',1782,3,'峰峰矿区','130400',1783),(865,3,'330283',6954,3,'奉化市','330200',6955),(866,3,'500236',7165,2,'奉节县','500000',7166),(867,3,'310120',5585,2,'奉贤区','310000',5586),(868,3,'360921',3940,3,'奉新县','360900',3941),(869,3,'210682',4052,3,'凤城市','210600',4053),(870,3,'520327',1568,3,'凤冈县','520300',1569),(871,3,'433123',3192,3,'凤凰县','433100',3193),(872,3,'530921',6694,3,'凤庆县','530900',6695),(873,3,'410704',2262,3,'凤泉区','410700',2263),(874,3,'451223',1250,3,'凤山县','451200',1251),(875,3,'340421',148,3,'凤台县','340400',149),(876,3,'610330',5312,3,'凤县','610300',5313),(877,3,'610322',5314,3,'凤翔县','610300',5315),(878,3,'341126',76,3,'凤阳县','341100',77),(879,3,'441821',946,3,'佛冈县','441800',947),(880,3,'610730',5340,3,'佛坪县','610700',5341),(881,3,'610324',5316,3,'扶风县','610300',5317),(882,3,'411621',2358,3,'扶沟县','411600',2359),(883,3,'451421',1162,3,'扶绥县','451400',1163),(884,3,'220724',3414,3,'扶余县','220700',3415),(885,3,'360222',3828,3,'浮梁县','360200',3829),(886,3,'141027',5106,3,'浮山县','141000',5107),(887,3,'510703',5888,3,'涪城区','510700',5889),(888,3,'500102',7167,2,'涪陵区','500000',7168),(889,3,'350981',430,3,'福安市','350900',431),(890,3,'350982',432,3,'福鼎市','350900',433),(891,3,'533323',6712,3,'福贡县','533300',6713),(892,3,'654323',6324,3,'福海县','654300',6325),(893,3,'350181',362,3,'福清市','350100',363),(894,3,'522702',1504,3,'福泉市','522700',1505),(895,3,'370611',4938,3,'福山区','370600',4939),(896,3,'440304',1022,3,'福田区','440300',1023),(897,3,'130323',1868,3,'抚宁县','130300',1869),(898,3,'210421',4068,3,'抚顺县','210400',4069),(899,3,'220621',3326,3,'抚松县','220600',3327),(900,3,'230833',2572,3,'抚远县','230800',2573),(901,3,'610822',5514,3,'府谷县','610800',5515),(902,3,'130404',1784,3,'复兴区','130400',1785),(903,3,'131128',1816,3,'阜城县','131100',1817),(904,3,'652302',6366,3,'阜康市','652300',6367),(905,3,'341225',94,3,'阜南县','341200',95),(906,3,'320923',3678,3,'阜宁县','320900',3679),(907,3,'130624',1668,3,'阜平县','130600',1669),(908,3,'210921',4084,3,'阜新蒙古族自治县','210900',4085),(909,3,'451123',1270,3,'富川瑶族自治县','451100',1271),(910,3,'230882',2574,3,'富锦市','230800',2575),(911,3,'230206',2634,3,'富拉尔基区','230200',2635),(912,3,'530124',6652,3,'富民县','530100',6653),(913,3,'532628',6768,3,'富宁县','532600',6769),(914,3,'610528',5400,3,'富平县','610500',5401),(915,3,'510322',6028,3,'富顺县','510300',6029),(916,3,'610628',5486,3,'富县','610600',5487),(917,3,'330183',6848,3,'富阳市','330100',6849),(918,3,'230227',2636,3,'富裕县','230200',2637),(919,3,'530325',6722,3,'富源县','530300',6723),(920,3,'654322',6326,3,'富蕴县','654300',6327),(921,3,'542523',6138,3,'噶尔县','542500',6139),(922,3,'542526',6140,3,'改则县','542500',6141),(923,3,'210881',4216,3,'盖州市','210800',4217),(924,3,'632623',4544,3,'甘德县','632600',4545),(925,3,'620523',746,3,'甘谷县','620500',747),(926,3,'210211',4028,3,'甘井子区','210200',4029),(927,3,'513435',5836,3,'甘洛县','513400',5837),(928,3,'230225',2638,3,'甘南县','230200',2639),(929,3,'610627',5488,3,'甘泉县','610600',5489),(930,3,'620702',774,3,'甘州区','620700',775),(931,3,'513328',5750,3,'甘孜县','513300',5751),(932,3,'360721',3764,3,'赣县','360700',3765),(933,3,'320721',3504,3,'赣榆县','320700',3505),(934,3,'632224',4554,3,'刚察县','632200',4555),(935,3,'371203',4784,3,'钢城区','371200',4785),(936,3,'542338',6242,3,'岗巴县','542300',6243),(937,3,'450802',1228,3,'港北区','450800',1229),(938,3,'450602',1182,3,'港口区','450600',1183),(939,3,'450803',1230,3,'港南区','450800',1231),(940,3,'320611',3552,3,'港闸区','320600',3553),(941,3,'620122',650,3,'皋兰县','620100',651),(942,3,'360983',3942,3,'高安市','360900',3943),(943,3,'130684',1670,3,'高碑店市','130600',1671),(944,3,'320125',3522,3,'高淳县','320100',3523),(945,3,'321203',3610,3,'高港区','321200',3611),(946,3,'610126',5424,3,'高陵县','610100',5425),(947,3,'370785',4916,3,'高密市','370700',4917),(948,3,'440608',806,3,'高明区','440600',807),(949,3,'511303',5906,3,'高坪区','511300',5907),(950,3,'140581',5060,3,'高平市','140500',5061),(951,3,'370322',4982,3,'高青县','370300',4983),(952,3,'620724',776,3,'高台县','620700',777),(953,3,'371526',4796,3,'高唐县','371500',4797),(954,3,'511525',5994,3,'高县','511500',5995),(955,3,'130628',1672,3,'高阳县','130600',1673),(956,3,'441283',1092,3,'高要市','441200',1093),(957,3,'130127',1884,3,'高邑县','130100',1885),(958,3,'321084',3696,3,'高邮市','321000',3697),(959,3,'440981',912,3,'高州市','440900',913),(960,3,'542525',6142,3,'革吉县','542500',6143),(961,3,'632801',4596,3,'格尔木市','632800',4597),(962,3,'532501',6618,3,'个旧市','532500',6619),(963,3,'150785',4358,3,'根河市','150700',4359),(964,3,'530926',6696,3,'耿马傣族佤族自治县','530900',6697),(965,3,'542622',6200,3,'工布江达县','542600',6201),(966,3,'230403',2514,3,'工农区','230400',2515),(967,3,'450332',1192,3,'恭城瑶族自治县','450300',1193),(968,3,'421022',2832,3,'公安县','421000',2833),(969,3,'220381',3396,3,'公主岭市','220300',3397),(970,3,'211005',4140,3,'弓长岭区','211000',4141),(971,3,'654024',6514,3,'巩留县','654000',6515),(972,3,'410181',2330,3,'巩义市','410100',2331),(973,3,'330105',6850,3,'拱墅区','330100',6851),(974,3,'542223',6276,3,'贡嘎县','542200',6277),(975,3,'510303',6030,3,'贡井区','510300',6031),(976,3,'542123',6162,3,'贡觉县','542100',6163),(977,3,'533324',6714,3,'贡山独龙族怒族自治县','533300',6715),(978,3,'632521',4578,3,'共和县','632500',4579),(979,3,'130724',2010,3,'沽源县','130700',2011),(980,3,'350102',364,3,'鼓楼区','350100',365),(981,3,'320302',3648,3,'鼓楼区','320300',3649),(982,3,'320106',3524,3,'鼓楼区','320100',3525),(983,3,'410204',2108,3,'鼓楼区','410200',2109),(984,3,'530702',6678,3,'古城区','530700',6679),(985,3,'140181',5184,3,'古交市','140100',5185),(986,3,'620622',762,3,'古浪县','620600',763),(987,3,'210702',4120,3,'古塔区','210700',4121),(988,3,'350922',434,3,'古田县','350900',435),(989,3,'141025',5108,3,'古县','141000',5109),(990,3,'130204',1936,3,'古冶区','130200',1937),(991,3,'433126',3194,3,'古丈县','433100',3195),(992,3,'510525',6042,3,'古蔺县','510500',6043),(993,3,'420625',2940,3,'谷城县','420600',2941),(994,3,'131126',1818,3,'故城县','131100',1819),(995,3,'131022',1848,3,'固安县','131000',1849),(996,3,'411525',2288,3,'固始县','411500',2289),(997,3,'150222',4264,3,'固阳县','150200',4265),(998,3,'340323',32,3,'固镇县','340300',33),(999,3,'620922',632,3,'瓜州县','620900',633),(1000,3,'520424',1396,3,'关岭布依族苗族自治县','520400',1397),(1001,3,'530111',6654,3,'官渡区','530100',6655),(1002,3,'371525',4798,3,'冠县','371500',4799),(1003,3,'410104',2332,3,'管城回族区','410100',2333),(1004,3,'130433',1786,3,'馆陶县','130400',1787),(1005,3,'320724',3506,3,'灌南县','320700',3507),(1006,3,'450327',1194,3,'灌阳县','450300',1195),(1007,3,'320723',3508,3,'灌云县','320700',3509),(1008,3,'411522',2290,3,'光山县','411500',2291),(1009,3,'350723',406,3,'光泽县','350700',407),(1010,3,'511602',5774,3,'广安区','511600',5775),(1011,3,'361030',3734,3,'广昌县','361000',3735),(1012,3,'341822',252,3,'广德县','341800',253),(1013,3,'361122',3904,3,'广丰县','361100',3905),(1014,3,'510681',5720,3,'广汉市','510600',5721),(1015,3,'622924',668,3,'广河县','622900',669),(1016,3,'140223',5036,3,'广灵县','140200',5037),(1017,3,'321002',3698,3,'广陵区','321000',3699),(1018,3,'532627',6770,3,'广南县','532600',6771),(1019,3,'441223',1094,3,'广宁县','441200',1095),(1020,3,'130432',1788,3,'广平县','130400',1789),(1021,3,'370523',4698,3,'广饶县','370500',4699),(1022,3,'421381',2882,3,'广水市','421300',2883),(1023,3,'131003',1850,3,'广阳区','131000',1851),(1024,3,'130531',1966,3,'广宗县','130500',1967),(1025,3,'431027',3056,3,'桂东县','431000',3057),(1026,3,'450881',1232,3,'桂平市','450800',1233),(1027,3,'431021',3058,3,'桂阳县','431000',3059),(1028,3,'341702',64,3,'贵池区','341700',65),(1029,3,'632523',4580,3,'贵德县','632500',4581),(1030,3,'522723',1506,3,'贵定县','522700',1507),(1031,3,'632525',4582,3,'贵南县','632500',4583),(1032,3,'360681',3962,3,'贵溪市','360600',3963),(1033,3,'654324',6328,3,'哈巴河县','654300',6329),(1034,3,'652201',6384,3,'哈密市','652200',6385),(1035,3,'320621',3554,3,'海安县','320600',3555),(1036,3,'150302',4398,3,'海勃湾区','150300',4399),(1037,3,'350205',522,3,'海沧区','350200',523),(1038,3,'450502',1148,3,'海城区','450500',1149),(1039,3,'210381',3974,3,'海城市','210300',3975),(1040,3,'110108',333,2,'海淀区','110000',334),(1041,3,'441521',986,3,'海丰县','441500',987),(1042,3,'130302',1870,3,'海港区','130300',1871),(1043,3,'150702',4360,3,'海拉尔区','150700',4361),(1044,3,'231083',2600,3,'海林市','231000',2601),(1045,3,'321202',3612,3,'海陵区','321200',3613),(1046,3,'231283',2690,3,'海伦市','231200',2691),(1047,3,'320684',3556,3,'海门市','320600',3557),(1048,3,'150303',4400,3,'海南区','150300',4401),(1049,3,'330481',6888,3,'海宁市','330400',6889),(1050,3,'330203',6956,3,'海曙区','330200',6957),(1051,3,'130924',1716,3,'海兴县','130900',1717),(1052,3,'330424',6890,3,'海盐县','330400',6891),(1053,3,'370687',4940,3,'海阳市','370600',4941),(1054,3,'640522',4528,3,'海原县','640500',4529),(1055,3,'210902',4086,3,'海州区','210900',4087),(1056,3,'320706',3510,3,'海州区','320700',3511),(1057,3,'440105',826,3,'海珠区','440100',827),(1058,3,'632223',4556,3,'海晏县','632200',4557),(1059,3,'130421',1790,3,'邯郸县','130400',1791),(1060,3,'130402',1792,3,'邯山区','130400',1793),(1061,3,'610581',5402,3,'韩城市','610500',5403),(1062,3,'341423',48,3,'含山县','341400',49),(1063,3,'350303',454,3,'涵江区','350300',455),(1064,3,'370703',4918,3,'寒亭区','370700',4919),(1065,3,'610902',5288,3,'汉滨区','610900',5289),(1066,3,'420984',2962,3,'汉川市','420900',2963),(1067,3,'120108',6105,2,'汉沽区','120000',6106),(1068,3,'420113',2896,3,'汉南区','420100',2897),(1069,3,'430722',3012,3,'汉寿县','430700',3013),(1070,3,'610702',5342,3,'汉台区','610700',5343),(1071,3,'420105',2898,3,'汉阳区','420100',2899),(1072,3,'610921',5290,3,'汉阴县','610900',5291),(1073,3,'511823',5972,3,'汉源县','511800',5973),(1074,3,'150826',4240,3,'杭锦后旗','150800',4241),(1075,3,'150625',4316,3,'杭锦旗','150600',4317),(1076,3,'430202',3286,3,'荷塘区','430200',3287),(1077,3,'654226',6470,3,'和布克赛尔蒙古自治县','654200',6471),(1078,3,'652827',6338,3,'和静县','652800',6339),(1079,3,'150123',4326,3,'和林格尔县','150100',4327),(1080,3,'222406',3448,3,'和龙市','222400',3449),(1081,3,'210102',4172,3,'和平区','210100',4173),(1082,3,'120101',6107,2,'和平区','120000',6108),(1083,3,'441624',850,3,'和平县','441600',851),(1084,3,'140723',5074,3,'和顺县','140700',5075),(1085,3,'652828',6340,3,'和硕县','652800',6341),(1086,3,'653201',6392,3,'和田市','653200',6393),(1087,3,'653221',6394,3,'和田县','653200',6395),(1088,3,'341424',50,3,'和县','341400',51),(1089,3,'622925',670,3,'和政县','622900',671),(1090,3,'500117',7169,2,'合川区','500000',7170),(1091,3,'510522',6044,3,'合江县','510500',6045),(1092,3,'450521',1150,3,'合浦县','450500',1151),(1093,3,'451381',1280,3,'合山市','451300',1281),(1094,3,'621024',724,3,'合水县','621000',725),(1095,3,'610524',5404,3,'合阳县','610500',5405),(1096,3,'623001',600,3,'合作市','623000',601),(1097,3,'120105',6109,2,'河北区','120000',6110),(1098,3,'371312',4816,3,'河东区','371300',4817),(1099,3,'120102',6111,2,'河东区','120000',6112),(1100,3,'130984',1718,3,'河间市','130900',1719),(1101,3,'140882',5254,3,'河津市','140800',5255),(1102,3,'370503',4700,3,'河口区','370500',4701),(1103,3,'532532',6620,3,'河口瑶族自治县','532500',6621),(1104,3,'632324',4608,3,'河南蒙古族自治县','632300',4609),(1105,3,'140930',5216,3,'河曲县','140900',5217),(1106,3,'120103',6113,2,'河西区','120000',6114),(1107,3,'430903',3210,3,'赫山区','430900',3211),(1108,3,'522428',1416,3,'赫章县','522400',1417),(1109,3,'431202',3108,3,'鹤城区','431200',3109),(1110,3,'422828',2764,3,'鹤峰县','422800',2765),(1111,3,'532932',6578,3,'鹤庆县','532900',6579),(1112,3,'410602',2068,3,'鹤山区','410600',2069),(1113,3,'440784',880,3,'鹤山市','440700',881),(1114,3,'640122',4512,3,'贺兰县','640100',4513),(1115,3,'210726',4122,3,'黑山县','210700',4123),(1116,3,'513228',5622,3,'黑水县','513200',5623),(1117,3,'361125',3906,3,'横峰县','361100',3907),(1118,3,'610823',5516,3,'横山县','610800',5517),(1119,3,'450127',1322,3,'横县','450100',1323),(1120,3,'430424',3080,3,'衡东县','430400',3081),(1121,3,'430422',3082,3,'衡南县','430400',3083),(1122,3,'430423',3084,3,'衡山县','430400',3085),(1123,3,'430421',3086,3,'衡阳县','430400',3087),(1124,3,'230303',2552,3,'恒山区','230300',2553),(1125,3,'310109',5587,2,'虹口区','310000',5588),(1126,3,'141024',5110,3,'洪洞县','141000',5111),(1127,3,'421083',2834,3,'洪湖市','421000',2835),(1128,3,'431281',3110,3,'洪江市','431200',3111),(1129,3,'420111',2900,3,'洪山区','420100',2901),(1130,3,'511423',5872,3,'洪雅县','511400',5873),(1131,3,'320829',3484,3,'洪泽县','320800',3485),(1132,3,'211004',4142,3,'宏伟区','211000',4143),(1133,3,'421122',2778,3,'红安县','421100',2779),(1134,3,'230605',2438,3,'红岗区','230600',2439),(1135,3,'620111',652,3,'红古区','620100',653),(1136,3,'532529',6622,3,'红河县','532500',6623),(1137,3,'520302',1570,3,'红花岗区','520300',1571),(1138,3,'410702',2264,3,'红旗区','410700',2265),(1139,3,'120106',6115,2,'红桥区','120000',6116),(1140,3,'150402',4288,3,'红山区','150400',4289),(1141,3,'530402',6798,3,'红塔区','530400',6799),(1142,3,'230715',2714,3,'红星区','230700',2715),(1143,3,'513233',5624,3,'红原县','513200',5625),(1144,3,'141081',5112,3,'侯马市','141000',5113),(1145,3,'230111',2484,3,'呼兰区','230100',2485),(1146,3,'232721',2456,3,'呼玛县','232700',2457),(1147,3,'652323',6368,3,'呼图壁县','652300',6369),(1148,3,'232704',2458,3,'呼中区','232700',2459),(1149,3,'140427',5008,3,'壶关县','140400',5009),(1150,3,'411202',2220,3,'湖滨区','411200',2221),(1151,3,'360429',3842,3,'湖口县','360400',3843),(1152,3,'350206',524,3,'湖里区','350200',525),(1153,3,'230381',2554,3,'虎林市','230300',2555),(1154,3,'320505',3574,3,'虎丘区','320500',3575),(1155,3,'632126',4564,3,'互助土族自治县','632100',4565),(1156,3,'610125',5426,3,'户县','610100',5427),(1157,3,'440114',828,3,'花都区','440100',829),(1158,3,'340503',198,3,'花山区','340500',199),(1159,3,'520111',1432,3,'花溪区','520100',1433),(1160,3,'433124',3196,3,'花垣县','433100',3197),(1161,3,'350629',542,3,'华安县','350600',543),(1162,3,'621023',726,3,'华池县','621000',727),(1163,3,'410902',2418,3,'华龙区','410900',2419),(1164,3,'530424',6800,3,'华宁县','530400',6801),(1165,3,'530723',6680,3,'华坪县','530700',6681),(1166,3,'420703',2752,3,'华容区','420700',2753),(1167,3,'430623',3250,3,'华容县','430600',3251),(1168,3,'620824',708,3,'华亭县','620800',709),(1169,3,'610521',5406,3,'华县','610500',5407),(1170,3,'610582',5408,3,'华阴市','610500',5409),(1171,3,'511681',5776,3,'华蓥市','511600',5777),(1172,3,'410526',2050,3,'滑县','410500',2051),(1173,3,'150922',4416,3,'化德县','150900',4417),(1174,3,'632127',4566,3,'化隆回族自治县','632100',4567),(1175,3,'440982',914,3,'化州市','440900',915),(1176,3,'370104',4734,3,'槐荫区','370100',4735),(1177,3,'130728',2012,3,'怀安县','130700',2013),(1178,3,'441224',1096,3,'怀集县','441200',1097),(1179,3,'130730',2014,3,'怀来县','130700',2015),(1180,3,'340822',6,3,'怀宁县','340800',7),(1181,3,'140624',5168,3,'怀仁县','140600',5169),(1182,3,'110116',335,2,'怀柔区','110000',336),(1183,3,'340321',34,3,'怀远县','340300',35),(1184,3,'411527',2292,3,'淮滨县','411500',2293),(1185,3,'340311',36,3,'淮上区','340300',37),(1186,3,'411626',2360,3,'淮阳县','411600',2361),(1187,3,'320804',3486,3,'淮阴区','320800',3487),(1188,3,'371002',4896,3,'环翠区','371000',4897),(1189,3,'451226',1252,3,'环江毛南族自治县','451200',1253),(1190,3,'621022',728,3,'环县','621000',729),(1191,3,'210522',3994,3,'桓仁满族自治县','210500',3995),(1192,3,'370321',4984,3,'桓台县','370300',4985),(1193,3,'370211',4842,3,'黄岛区','370200',4843),(1194,3,'610632',5490,3,'黄陵县','610600',5491),(1195,3,'610631',5492,3,'黄龙县','610600',5493),(1196,3,'421127',2780,3,'黄梅县','421100',2781),(1197,3,'522622',1468,3,'黄平县','522600',1469),(1198,3,'440112',830,3,'黄埔区','440100',831),(1199,3,'310101',5589,2,'黄浦区','310000',5590),(1200,3,'341003',160,3,'黄山区','341000',161),(1201,3,'420202',2804,3,'黄石港区','420200',2805),(1202,3,'331003',6992,3,'黄岩区','331000',6993),(1203,3,'421102',2782,3,'黄州区','421100',2783),(1204,3,'420116',2902,3,'黄陂区','420100',2903),(1205,3,'130983',1720,3,'黄骅市','130900',1721),(1206,3,'210105',4174,3,'皇姑区','210100',4175),(1207,3,'220523',3430,3,'辉南县','220500',3431),(1208,3,'410782',2266,3,'辉县市','410700',2267),(1209,3,'621227',686,3,'徽县','621200',687),(1210,3,'341004',162,3,'徽州区','341000',163),(1211,3,'150103',4328,3,'回民区','150100',4329),(1212,3,'350521',472,3,'惠安县','350500',473),(1213,3,'441302',866,3,'惠城区','441300',867),(1214,3,'441323',868,3,'惠东县','441300',869),(1215,3,'410108',2334,3,'惠济区','410100',2335),(1216,3,'445224',896,3,'惠来县','445200',897),(1217,3,'371621',4656,3,'惠民县','371600',4657),(1218,3,'640205',4492,3,'惠农区','640200',4493),(1219,3,'320206',3632,3,'惠山区','320200',3633),(1220,3,'522731',1508,3,'惠水县','522700',1509),(1221,3,'441303',870,3,'惠阳区','441300',871),(1222,3,'360733',3766,3,'会昌县','360700',3767),(1223,3,'513426',5838,3,'会东县','513400',5839),(1224,3,'513425',5840,3,'会理县','513400',5841),(1225,3,'620422',568,3,'会宁县','620400',569),(1226,3,'431225',3112,3,'会同县','431200',3113),(1227,3,'530326',6724,3,'会泽县','530300',6725),(1228,3,'520303',1572,3,'汇川区','520300',1573),(1229,3,'140225',5038,3,'浑源县','140200',5039),(1230,3,'410724',2268,3,'获嘉县','410700',2269),(1231,3,'654023',6516,3,'霍城县','654000',6517),(1232,3,'150581',4378,3,'霍林郭勒市','150500',4379),(1233,3,'341522',178,3,'霍邱县','341500',179),(1234,3,'341525',180,3,'霍山县','341500',181),(1235,3,'141082',5114,3,'霍州市','141000',5115),(1236,3,'622927',672,3,'积石山保安族东乡族撒拉族自治县','622900',673),(1237,3,'230321',2556,3,'鸡东县','230300',2557),(1238,3,'230302',2558,3,'鸡冠区','230300',2559),(1239,3,'130431',1794,3,'鸡泽县','130400',1795),(1240,3,'341824',254,3,'绩溪县','341800',255),(1241,3,'360821',3798,3,'吉安县','360800',3799),(1242,3,'410306',2132,3,'吉利区','410300',2133),(1243,3,'542335',6244,3,'吉隆县','542300',6245),(1244,3,'654326',6330,3,'吉木乃县','654300',6331),(1245,3,'652327',6370,3,'吉木萨尔县','652300',6371),(1246,3,'433101',3198,3,'吉首市','433100',3199),(1247,3,'360822',3800,3,'吉水县','360800',3801),(1248,3,'141028',5116,3,'吉县','141000',5117),(1249,3,'360802',3802,3,'吉州区','360800',3803),(1250,3,'220582',3432,3,'集安市','220500',3433),(1251,3,'350211',526,3,'集美区','350200',527),(1252,3,'150902',4418,3,'集宁区','150900',4419),(1253,3,'230521',2670,3,'集贤县','230500',2671),(1254,3,'370282',4844,3,'即墨市','370200',4845),(1255,3,'120225',6117,2,'蓟县','120000',6118),(1256,3,'131181',1820,3,'冀州市','131100',1821),(1257,3,'370125',4736,3,'济阳县','370100',4737),(1258,3,'410881',2084,3,'济源市','410800',2085),(1259,3,'310114',5591,2,'嘉定区','310000',5592),(1260,3,'431024',3060,3,'嘉禾县','431000',3061),(1261,3,'542422',6220,3,'嘉黎县','542400',6221),(1262,3,'511304',5908,3,'嘉陵区','511300',5909),(1263,3,'330421',6892,3,'嘉善县','330400',6893),(1264,3,'370829',4756,3,'嘉祥县','370800',4757),(1265,3,'230722',2716,3,'嘉荫县','230700',2717),(1266,3,'421221',2924,3,'嘉鱼县','421200',2925),(1267,3,'511126',5810,3,'夹江县','511100',5811),(1268,3,'610828',5518,3,'佳县','610800',5519),(1269,3,'542229',6278,3,'加查县','542200',6279),(1270,3,'232701',2460,3,'加格达奇区','232700',2461),(1271,3,'320305',3650,3,'贾汪区','320300',3651),(1272,3,'421023',2836,3,'监利县','421000',2837),(1273,3,'140108',5186,3,'尖草坪区','140100',5187),(1274,3,'230502',2672,3,'尖山区','230500',2673),(1275,3,'632322',4610,3,'尖扎县','632300',4611),(1276,3,'512081',6016,3,'简阳市','512000',6017),(1277,3,'532931',6580,3,'剑川县','532900',6581),(1278,3,'510823',5792,3,'剑阁县','510800',5793),(1279,3,'522629',1470,3,'剑河县','522600',1471),(1280,3,'410305',2134,3,'涧西区','410300',2135),(1281,3,'211422',4102,3,'建昌县','211400',4103),(1282,3,'330182',6852,3,'建德市','330100',6853),(1283,3,'320925',3680,3,'建湖县','320900',3681),(1284,3,'230203',2640,3,'建华区','230200',2641),(1285,3,'350430',496,3,'建宁县','350400',497),(1286,3,'211322',4012,3,'建平县','211300',4013),(1287,3,'422822',2766,3,'建始县','422800',2767),(1288,3,'532524',6624,3,'建水县','532500',6625),(1289,3,'350784',408,3,'建阳市','350700',409),(1290,3,'320105',3526,3,'建邺区','320100',3527),(1291,3,'350783',410,3,'建瓯市','350700',411),(1292,3,'321284',3614,3,'姜堰市','321200',3615),(1293,3,'350428',498,3,'将乐县','350400',499),(1294,3,'511523',5996,3,'江安县','511500',5997),(1295,3,'420102',2904,3,'江岸区','420100',2905),(1296,3,'500105',7171,2,'江北区','500000',7172),(1297,3,'330205',6958,3,'江北区','330200',6959),(1298,3,'530826',6746,3,'江城哈尼族彝族自治县','530800',6747),(1299,3,'441702',1036,3,'江城区','441700',1037),(1300,3,'530421',6802,3,'江川县','530400',6803),(1301,3,'542122',6164,3,'江达县','542100',6165),(1302,3,'330204',6960,3,'江东区','330200',6961),(1303,3,'321088',3700,3,'江都市','321000',3701),(1304,3,'330104',6854,3,'江干区','330100',6855),(1305,3,'440704',882,3,'江海区','440700',883),(1306,3,'420103',2906,3,'江汉区','420100',2907),(1307,3,'431129',3228,3,'江华瑶族自治县','431100',3229),(1308,3,'500116',7173,2,'江津区','500000',7174),(1309,3,'522222',1544,3,'江口县','522200',1545),(1310,3,'421024',2838,3,'江陵县','421000',2839),(1311,3,'450105',1324,3,'江南区','450100',1325),(1312,3,'320115',3528,3,'江宁区','320100',3529),(1313,3,'330881',7054,3,'江山市','330800',7055),(1314,3,'420115',2908,3,'江夏区','420100',2909),(1315,3,'510502',6046,3,'江阳区','510500',6047),(1316,3,'320281',3634,3,'江阴市','320200',3635),(1317,3,'431125',3230,3,'江永县','431100',3231),(1318,3,'510781',5890,3,'江油市','510700',5891),(1319,3,'220604',3328,3,'江源区','220600',3329),(1320,3,'451402',1164,3,'江洲区','451400',1165),(1321,3,'542323',6246,3,'江孜县','542300',6247),(1322,3,'350902',436,3,'蕉城区','350900',437),(1323,3,'441427',930,3,'蕉岭县','441400',931),(1324,3,'331002',6994,3,'椒江区','331000',6995),(1325,3,'370284',4846,3,'胶南市','370200',4847),(1326,3,'370281',4848,3,'胶州市','370200',4849),(1327,3,'141122',5142,3,'交城县','141100',5143),(1328,3,'141130',5144,3,'交口县','141100',5145),(1329,3,'340711',222,3,'郊区','340700',223),(1330,3,'140411',5010,3,'郊区','140400',5011),(1331,3,'140311',5242,3,'郊区','140300',5243),(1332,3,'230811',2576,3,'郊区','230800',2577),(1333,3,'445221',898,3,'揭东县','445200',899),(1334,3,'445222',900,3,'揭西县','445200',901),(1335,3,'410802',2086,3,'解放区','410800',2087),(1336,3,'341282',96,3,'界首市','341200',97),(1337,3,'140781',5076,3,'介休市','140700',5077),(1338,3,'341502',182,3,'金安区','341500',183),(1339,3,'451202',1254,3,'金城江区','451200',1255),(1340,3,'620302',620,3,'金川区','620300',621),(1341,3,'513226',5626,3,'金川县','513200',5627),(1342,3,'330703',6908,3,'金东区','330700',6909),(1343,3,'640106',4514,3,'金凤区','640100',4515),(1344,3,'320831',3488,3,'金湖县','320800',3489),(1345,3,'340502',200,3,'金家庄区','340500',201),(1346,3,'511113',5812,3,'金口河区','511100',5813),(1347,3,'350527',474,3,'金门县','350500',475),(1348,3,'410211',2110,3,'金明区','410200',2111),(1349,3,'510106',5668,3,'金牛区','510100',5669),(1350,3,'532530',6626,3,'金平苗族瑶族傣族自治县','532500',6627),(1351,3,'440511',972,3,'金平区','440500',973),(1352,3,'522424',1418,3,'金沙县','522400',1419),(1353,3,'310116',5593,2,'金山区','310000',5594),(1354,3,'230709',2718,3,'金山屯区','230700',2719),(1355,3,'410105',2336,3,'金水区','410100',2337),(1356,3,'620921',634,3,'金塔县','620900',635),(1357,3,'610303',5318,3,'金台区','610300',5319),(1358,3,'320482',3464,3,'金坛市','320400',3465),(1359,3,'510121',5670,3,'金堂县','510100',5671),(1360,3,'440404',1110,3,'金湾区','440400',1111),(1361,3,'361027',3736,3,'金溪县','361000',3737),(1362,3,'370828',4758,3,'金乡县','370800',4759),(1363,3,'451324',1282,3,'金秀瑶族自治县','451300',1283),(1364,3,'513430',5842,3,'金阳县','513400',5843),(1365,3,'341524',184,3,'金寨县','341500',185),(1366,3,'210213',4030,3,'金州区','210200',4031),(1367,3,'320504',3576,3,'金阊区','320500',3577),(1368,3,'120112',6119,2,'津南区','120000',6120),(1369,3,'430781',3014,3,'津市市','430700',3015),(1370,3,'510104',5672,3,'锦江区','510100',5673),(1371,3,'522628',1472,3,'锦屏县','522600',1473),(1372,3,'360124',3870,3,'进贤县','360100',3871),(1373,3,'350111',366,3,'晋安区','350100',367),(1374,3,'350582',476,3,'晋江市','350500',477),(1375,3,'530122',6656,3,'晋宁县','530100',6657),(1376,3,'140110',5188,3,'晋源区','140100',5189),(1377,3,'130183',1886,3,'晋州市','130100',1887),(1378,3,'421003',2840,3,'荆州区','421000',2841),(1379,3,'321102',3716,3,'京口区','321100',3717),(1380,3,'420821',2822,3,'京山县','420800',2823),(1381,3,'652722',6358,3,'精河县','652700',6359),(1382,3,'360881',3804,3,'井冈山市','360800',3805),(1383,3,'511124',5814,3,'井研县','511100',5815),(1384,3,'130107',1888,3,'井陉矿区','130100',1889),(1385,3,'130121',1890,3,'井陉县','130100',1891),(1386,3,'530823',6748,3,'景东彝族自治县','530800',6749),(1387,3,'530824',6750,3,'景谷傣族彝族自治县','530800',6751),(1388,3,'532801',6786,3,'景洪市','532800',6787),(1389,3,'331127',6928,3,'景宁畲族自治县','331100',6929),(1390,3,'620423',570,3,'景泰县','620400',571),(1391,3,'131127',1822,3,'景县','131100',1823),(1392,3,'310106',5595,2,'静安区','310000',5596),(1393,3,'120223',6121,2,'静海县','120000',6122),(1394,3,'140926',5218,3,'静乐县','140900',5219),(1395,3,'620826',710,3,'静宁县','620800',711),(1396,3,'340202',236,3,'镜湖区','340200',237),(1397,3,'360925',3944,3,'靖安县','360900',3945),(1398,3,'610824',5520,3,'靖边县','610800',5521),(1399,3,'321282',3616,3,'靖江市','321200',3617),(1400,3,'451025',1122,3,'靖西县','451000',1123),(1401,3,'220622',3330,3,'靖宇县','220600',3331),(1402,3,'620421',572,3,'靖远县','620400',573),(1403,3,'431229',3114,3,'靖州苗族侗族自治县','431200',3115),(1404,3,'632625',4546,3,'久治县','632600',4547),(1405,3,'360421',3844,3,'九江县','360400',3845),(1406,3,'320304',3652,3,'九里区','320300',3653),(1407,3,'500107',7175,2,'九龙坡区','500000',7176),(1408,3,'513324',5752,3,'九龙县','513300',5753),(1409,3,'220181',3344,3,'九台市','220100',3345),(1410,3,'150207',4266,3,'九原区','150200',4267),(1411,3,'513225',5628,3,'九寨沟县','513200',5629),(1412,3,'341402',52,3,'居巢区','341400',53),(1413,3,'130529',1968,3,'巨鹿县','130500',1969),(1414,3,'371724',4720,3,'巨野县','371700',4721),(1415,3,'321183',3718,3,'句容市','321100',3719),(1416,3,'430611',3252,3,'君山区','430600',3253),(1417,3,'410621',2070,3,'浚县','410600',2071),(1418,3,'150428',4290,3,'喀喇沁旗','150400',4291),(1419,3,'211324',4014,3,'喀喇沁左翼蒙古族自治县','211300',4015),(1420,3,'653101',6410,3,'喀什市','653100',6411),(1421,3,'410224',2112,3,'开封县','410200',2113),(1422,3,'430105',3032,3,'开福区','430100',3033),(1423,3,'330824',7056,3,'开化县','330800',7057),(1424,3,'511723',5706,3,'开江县','511700',5707),(1425,3,'150523',4380,3,'开鲁县','150500',4381),(1426,3,'130205',1938,3,'开平区','130200',1939),(1427,3,'440783',884,3,'开平市','440700',885),(1428,3,'500234',7177,2,'开县','500000',7178),(1429,3,'520121',1434,3,'开阳县','520100',1435),(1430,3,'211282',4200,3,'开原市','211200',4201),(1431,3,'532502',6628,3,'开远市','532500',6629),(1432,3,'522601',1474,3,'凯里市','522600',1475),(1433,3,'130723',2016,3,'康保县','130700',2017),(1434,3,'513321',5754,3,'康定县','513300',5755),(1435,3,'622922',674,3,'康乐县','622900',675),(1436,3,'542331',6248,3,'康马县','542300',6249),(1437,3,'210123',4176,3,'康平县','210100',4177),(1438,3,'621224',688,3,'康县','621200',689),(1439,3,'330802',7058,3,'柯城区','330800',7059),(1440,3,'652929',6306,3,'柯坪县','652900',6307),(1441,3,'150502',4382,3,'科尔沁区','150500',4383),(1442,3,'152221',4462,3,'科尔沁右翼前旗','152200',4463),(1443,3,'152222',4464,3,'科尔沁右翼中旗','152200',4465),(1444,3,'150522',4384,3,'科尔沁左翼后旗','150500',4385),(1445,3,'150521',4386,3,'科尔沁左翼中旗','150500',4387),(1446,3,'230230',2642,3,'克东县','230200',2643),(1447,3,'650203',6438,3,'克拉玛依区','650200',6439),(1448,3,'230229',2644,3,'克山县','230200',2645),(1449,3,'150425',4292,3,'克什克腾旗','150400',4293),(1450,3,'370521',4702,3,'垦利县','370500',4703),(1451,3,'652923',6308,3,'库车县','652900',6309),(1452,3,'652801',6342,3,'库尔勒市','652800',6343),(1453,3,'150524',4388,3,'库伦旗','150500',4389),(1454,3,'130827',1750,3,'宽城满族自治县','130800',1751),(1455,3,'220103',3346,3,'宽城区','220100',3347),(1456,3,'210624',4054,3,'宽甸满族自治县','210600',4055),(1457,3,'140303',5244,3,'矿区','140300',5245),(1458,3,'140203',5040,3,'矿区','140200',5041),(1459,3,'654003',6518,3,'奎屯市','654000',6519),(1460,3,'370705',4920,3,'奎文区','370700',4921),(1461,3,'150203',4268,3,'昆都仑区','150200',4269),(1462,3,'320583',3578,3,'昆山市','320500',3579),(1463,3,'542326',6250,3,'拉孜县','542300',6251),(1464,3,'371202',4786,3,'莱城区','371200',4787),(1465,3,'370613',4942,3,'莱山区','370600',4943),(1466,3,'370285',4850,3,'莱西市','370200',4851),(1467,3,'370682',4944,3,'莱阳市','370600',4945),(1468,3,'370683',4946,3,'莱州市','370600',4947),(1469,3,'341122',78,3,'来安县','341100',79),(1470,3,'422827',2768,3,'来凤县','422800',2769),(1471,3,'431127',3232,3,'蓝山县','431100',3233),(1472,3,'610122',5428,3,'蓝田县','610100',5429),(1473,3,'410225',2114,3,'兰考县','410200',2115),(1474,3,'533325',6716,3,'兰坪白族普米族自治县','533300',6717),(1475,3,'371302',4818,3,'兰山区','371300',4819),(1476,3,'231222',2692,3,'兰西县','231200',2693),(1477,3,'330781',6910,3,'兰溪市','330700',6911),(1478,3,'530828',6752,3,'澜沧拉祜族自治县','530800',6753),(1479,3,'341102',80,3,'琅琊区','341100',81),(1480,3,'341821',256,3,'郎溪县','341800',257),(1481,3,'542627',6202,3,'朗县','542600',6203),(1482,3,'542233',6280,3,'浪卡子县','542200',6281),(1483,3,'210811',4218,3,'老边区','210800',4219),(1484,3,'410302',2136,3,'老城区','410300',2137),(1485,3,'420682',2942,3,'老河口市','420600',2943),(1486,3,'361025',3738,3,'乐安县','361000',3739),(1487,3,'440281',996,3,'乐昌市','440200',997),(1488,3,'469033',1626,3,'乐东黎族自治县','469000',1627),(1489,3,'632123',4568,3,'乐都县','632100',4569),(1490,3,'371481',4672,3,'乐陵市','371400',4673),(1491,3,'360281',3830,3,'乐平市','360200',3831),(1492,3,'330382',7018,3,'乐清市','330300',7019),(1493,3,'130225',1940,3,'乐亭县','130200',1941),(1494,3,'451028',1124,3,'乐业县','451000',1125),(1495,3,'512022',6018,3,'乐至县','512000',6019),(1496,3,'513437',5844,3,'雷波县','513400',5845),(1497,3,'522634',1476,3,'雷山县','522600',1477),(1498,3,'440882',1064,3,'雷州市','440800',1065),(1499,3,'542124',6166,3,'类乌齐县','542100',6167),(1500,3,'632825',4598,3,'冷湖','632800',4599),(1501,3,'431381',3134,3,'冷水江市','431300',3135),(1502,3,'431103',3234,3,'冷水滩区','431100',3235),(1503,3,'230305',2560,3,'梨树区','230300',2561),(1504,3,'220322',3398,3,'梨树县','220300',3399),(1505,3,'140426',5012,3,'黎城县','140400',5013),(1506,3,'361022',3740,3,'黎川县','361000',3741),(1507,3,'522631',1478,3,'黎平县','522600',1479),(1508,3,'141102',5146,3,'离石区','141100',5147),(1509,3,'513334',5756,3,'理塘县','513300',5757),(1510,3,'513222',5630,3,'理县','513200',5631),(1511,3,'370213',4852,3,'李沧区','370200',4853),(1512,3,'350502',478,3,'鲤城区','350500',479),(1513,3,'610425',5456,3,'礼泉县','610400',5457),(1514,3,'621226',690,3,'礼县','621200',691),(1515,3,'522722',1510,3,'荔波县','522700',1511),(1516,3,'350304',456,3,'荔城区','350300',457),(1517,3,'450331',1196,3,'荔蒲县','450300',1197),(1518,3,'440103',832,3,'荔湾区','440100',833),(1519,3,'370112',4738,3,'历城区','370100',4739),(1520,3,'370102',4740,3,'历下区','370100',4741),(1521,3,'422802',2770,3,'利川市','422800',2771),(1522,3,'370522',4704,3,'利津县','370500',4705),(1523,3,'640302',4500,3,'利通区','640300',4501),(1524,3,'341623',270,3,'利辛县','341600',271),(1525,3,'210304',3976,3,'立山区','210300',3977),(1526,3,'331102',6930,3,'莲都区','331100',6931),(1527,3,'610104',5430,3,'莲湖区','610100',5431),(1528,3,'360321',3890,3,'莲花县','360300',3891),(1529,3,'350825',390,3,'连城县','350800',391),(1530,3,'350122',368,3,'连江县','350100',369),(1531,3,'441826',948,3,'连南瑶族自治县','441800',949),(1532,3,'441623',852,3,'连平县','441600',853),(1533,3,'211402',4104,3,'连山区','211400',4105),(1534,3,'441825',950,3,'连山壮族瑶族自治县','441800',951),(1535,3,'320703',3512,3,'连云区','320700',3513),(1536,3,'441882',952,3,'连州市','441800',953),(1537,3,'440881',1066,3,'廉江市','440800',1067),(1538,3,'320826',3490,3,'涟水县','320800',3491),(1539,3,'431382',3136,3,'涟源市','431300',3137),(1540,3,'150925',4420,3,'凉城县','150900',4421),(1541,3,'620602',764,3,'凉州区','620600',765),(1542,3,'533122',6598,3,'梁河县','533100',6599),(1543,3,'500228',7179,2,'梁平县','500000',7180),(1544,3,'370832',4760,3,'梁山县','370800',4761),(1545,3,'411402',2236,3,'梁园区','411400',2237),(1546,3,'420702',2754,3,'梁子湖区','420700',2755),(1547,3,'450108',1326,3,'良庆区','450100',1327),(1548,3,'621228',692,3,'两当县','621200',693),(1549,3,'211021',4144,3,'辽阳县','211000',4145),(1550,3,'210122',4178,3,'辽中县','210100',4179),(1551,3,'340604',134,3,'烈山区','340600',135),(1552,3,'230623',2440,3,'林甸县','230600',2441),(1553,3,'231025',2602,3,'林口县','231000',2603),(1554,3,'150424',4294,3,'林西县','150400',4295),(1555,3,'542621',6204,3,'林芝县','542600',6205),(1556,3,'540121',6184,3,'林周县','540100',6185),(1557,3,'410581',2052,3,'林州市','410500',2053),(1558,3,'330185',6856,3,'临安市','330100',6857),(1559,3,'130522',1970,3,'临城县','130500',1971),(1560,3,'361002',3742,3,'临川区','361000',3743),(1561,3,'469028',1628,3,'临高县','469000',1629),(1562,3,'450322',1198,3,'临桂县','450300',1199),(1563,3,'331082',6996,3,'临海市','331000',6997),(1564,3,'150802',4242,3,'临河区','150800',4243),(1565,3,'220681',3332,3,'临江市','220600',3333),(1566,3,'371581',4800,3,'临清市','371500',4801),(1567,3,'341221',98,3,'临泉县','341200',99),(1568,3,'623021',602,3,'临潭县','623000',603),(1569,3,'610502',5410,3,'临渭区','610500',5411),(1570,3,'431025',3062,3,'临武县','431000',3063),(1571,3,'130535',1972,3,'临西县','130500',1973),(1572,3,'622901',676,3,'临夏市','622900',677),(1573,3,'622921',678,3,'临夏县','622900',679),(1574,3,'141124',5148,3,'临县','141100',5149),(1575,3,'430682',3254,3,'临湘市','430600',3255),(1576,3,'530902',6698,3,'临翔区','530900',6699),(1577,3,'371424',4674,3,'临邑县','371400',4675),(1578,3,'620723',778,3,'临泽县','620700',779),(1579,3,'130423',1796,3,'临漳县','130400',1797),(1580,3,'370305',4986,3,'临淄区','370300',4987),(1581,3,'140821',5256,3,'临猗县','140800',5257),(1582,3,'371329',4820,3,'临沭县','371300',4821),(1583,3,'621124',582,3,'临洮县','621100',583),(1584,3,'610115',5432,3,'临潼区','610100',5433),(1585,3,'430724',3016,3,'临澧县','430700',3017),(1586,3,'370724',4922,3,'临朐县','370700',4923),(1587,3,'411122',2402,3,'临颍县','411100',2403),(1588,3,'511623',5778,3,'邻水县','511600',5779),(1589,3,'431102',3236,3,'零陵区','431100',3237),(1590,3,'210781',4124,3,'凌海市','210700',4125),(1591,3,'210703',4126,3,'凌河区','210700',4127),(1592,3,'211382',4016,3,'凌源市','211300',4017),(1593,3,'451027',1126,3,'凌云县','451000',1127),(1594,3,'411282',2222,3,'灵宝市','411200',2223),(1595,3,'450323',1200,3,'灵川县','450300',1201),(1596,3,'140224',5042,3,'灵丘县','140200',5043),(1597,3,'450721',1348,3,'灵山县','450700',1349),(1598,3,'140729',5078,3,'灵石县','140700',5079),(1599,3,'130126',1892,3,'灵寿县','130100',1893),(1600,3,'620822',712,3,'灵台县','620800',713),(1601,3,'640181',4516,3,'灵武市','640100',4517),(1602,3,'341323',210,3,'灵璧县','341300',211),(1603,3,'140524',5062,3,'陵川县','140500',5063),(1604,3,'469034',1630,3,'陵水黎族自治县','469000',1631),(1605,3,'371421',4676,3,'陵县','371400',4677),(1606,3,'230503',2674,3,'岭东区','230500',2675),(1607,3,'610729',5344,3,'留坝县','610700',5345),(1608,3,'450205',1298,3,'柳北区','450200',1299),(1609,3,'450222',1300,3,'柳城县','450200',1301),(1610,3,'220524',3434,3,'柳河县','220500',3435),(1611,3,'450221',1302,3,'柳江县','450200',1303),(1612,3,'141125',5150,3,'柳林县','141100',5151),(1613,3,'450204',1304,3,'柳南区','450200',1305),(1614,3,'320116',3530,3,'六合区','320100',3531),(1615,3,'520203',1454,3,'六枝特区','520200',1455),(1616,3,'410506',2054,3,'龙安区','410500',2055),(1617,3,'211303',4018,3,'龙城区','211300',4019),(1618,3,'441622',854,3,'龙川县','441600',855),(1619,3,'230603',2442,3,'龙凤区','230600',2443),(1620,3,'440307',1024,3,'龙岗区','440300',1025),(1621,3,'211403',4106,3,'龙港区','211400',4107),(1622,3,'350681',544,3,'龙海市','350600',545),(1623,3,'440507',974,3,'龙湖区','440500',975),(1624,3,'460106',1598,3,'龙华区','460100',1599),(1625,3,'230221',2646,3,'龙江县','230200',2647),(1626,3,'222405',3450,3,'龙井市','222400',3451),(1627,3,'370681',4948,3,'龙口市','370600',4949),(1628,3,'522730',1512,3,'龙里县','522700',1513),(1629,3,'530523',6538,3,'龙陵县','530500',6539),(1630,3,'510504',6048,3,'龙马潭区','510500',6049),(1631,3,'441324',872,3,'龙门县','441300',873),(1632,3,'360727',3768,3,'龙南县','360700',3769),(1633,3,'331181',6932,3,'龙泉市','331100',6933),(1634,3,'510112',5674,3,'龙泉驿区','510100',5675),(1635,3,'230202',2648,3,'龙沙区','230200',2649),(1636,3,'220402',3388,3,'龙山区','220400',3389),(1637,3,'433130',3200,3,'龙山县','433100',3201),(1638,3,'450328',1202,3,'龙胜各族自治县','450300',1203),(1639,3,'220203',3368,3,'龙潭区','220200',3369),(1640,3,'410202',2116,3,'龙亭区','410200',2117),(1641,3,'330303',7020,3,'龙湾区','330300',7021),(1642,3,'350603',546,3,'龙文区','350600',547),(1643,3,'330825',7060,3,'龙游县','330800',7061),(1644,3,'451423',1166,3,'龙州县','451400',1167),(1645,3,'340302',38,3,'龙子湖区','340300',39),(1646,3,'450123',1328,3,'隆安县','450100',1329),(1647,3,'511028',5930,3,'隆昌县','511000',5931),(1648,3,'640423',4476,3,'隆德县','640400',4477),(1649,3,'130825',1752,3,'隆化县','130800',1753),(1650,3,'430524',3156,3,'隆回县','430500',3157),(1651,3,'451031',1128,3,'隆林各族自治县','451000',1129),(1652,3,'530502',6540,3,'隆阳区','530500',6541),(1653,3,'130525',1974,3,'隆尧县','130500',1975),(1654,3,'542231',6282,3,'隆子县','542200',6283),(1655,3,'533124',6600,3,'陇川县','533100',6601),(1656,3,'621122',584,3,'陇西县','621100',585),(1657,3,'610327',5320,3,'陇县','610300',5321),(1658,3,'140123',5190,3,'娄烦县','140100',5191),(1659,3,'431302',3138,3,'娄星区','431300',3139),(1660,3,'511826',5974,3,'芦山县','511800',5975),(1661,3,'360323',3892,3,'芦溪县','360300',3893),(1662,3,'430203',3288,3,'芦淞区','430200',3289),(1663,3,'130324',1872,3,'卢龙县','130300',1873),(1664,3,'411224',2224,3,'卢氏县','411200',2225),(1665,3,'310103',5597,2,'卢湾区','310000',5598),(1666,3,'341421',54,3,'庐江县','341400',55),(1667,3,'360402',3846,3,'庐山区','360400',3847),(1668,3,'340103',122,3,'庐阳区','340100',123),(1669,3,'513327',5758,3,'炉霍县','513300',5759),(1670,3,'530621',6818,3,'鲁甸县','530600',6819),(1671,3,'410423',2198,3,'鲁山县','410400',2199),(1672,3,'623026',604,3,'碌曲县','623000',605),(1673,3,'130203',1942,3,'路北区','130200',1943),(1674,3,'130202',1944,3,'路南区','130200',1945),(1675,3,'331004',6998,3,'路桥区','331000',6999),(1676,3,'330302',7022,3,'鹿城区','330300',7023),(1677,3,'130185',1894,3,'鹿泉市','130100',1895),(1678,3,'411628',2362,3,'鹿邑县','411600',2363),(1679,3,'450223',1306,3,'鹿寨县','450200',1307),(1680,3,'140481',5014,3,'潞城市','140400',5015),(1681,3,'533103',6602,3,'潞西市','533100',6603),(1682,3,'532331',6554,3,'禄丰县','532300',6555),(1683,3,'530128',6658,3,'禄劝彝族苗族自治县','530100',6659),(1684,3,'450922',1382,3,'陆川县','450900',1383),(1685,3,'441581',988,3,'陆丰市','441500',989),(1686,3,'441523',990,3,'陆河县','441500',991),(1687,3,'530322',6726,3,'陆良县','530300',6727),(1688,3,'210212',4032,3,'旅顺口区','210200',4033),(1689,3,'532531',6630,3,'绿春县','532500',6631),(1690,3,'220106',3348,3,'绿园区','220100',3349),(1691,3,'130224',1946,3,'滦南县','130200',1947),(1692,3,'130824',1754,3,'滦平县','130800',1755),(1693,3,'130223',1948,3,'滦县','130200',1949),(1694,3,'610727',5346,3,'略阳县','610700',5347),(1695,3,'652822',6344,3,'轮台县','652800',6345),(1696,3,'230421',2516,3,'萝北县','230400',2517),(1697,3,'440116',834,3,'萝岗区','440100',835),(1698,3,'451225',1256,3,'罗城仫佬族自治县','451200',1257),(1699,3,'522728',1514,3,'罗甸县','522700',1515),(1700,3,'445381',1048,3,'罗定市','445300',1049),(1701,3,'440303',1026,3,'罗湖区','440300',1027),(1702,3,'510626',5722,3,'罗江县','510600',5723),(1703,3,'530324',6728,3,'罗平县','530300',6729),(1704,3,'411521',2294,3,'罗山县','411500',2295),(1705,3,'421123',2784,3,'罗田县','421100',2785),(1706,3,'350123',370,3,'罗源县','350100',371),(1707,3,'371311',4822,3,'罗庄区','371300',4823),(1708,3,'610629',5494,3,'洛川县','610600',5495),(1709,3,'350504',480,3,'洛江区','350500',481),(1710,3,'410307',2138,3,'洛龙区','410300',2139),(1711,3,'542132',6168,3,'洛隆县','542100',6169),(1712,3,'611021',5366,3,'洛南县','611000',5367),(1713,3,'410328',2140,3,'洛宁县','410300',2141),(1714,3,'653224',6396,3,'洛浦县','653200',6397),(1715,3,'542228',6284,3,'洛扎县','542200',6285),(1716,3,'421181',2786,3,'麻城市','421100',2787),(1717,3,'522635',1480,3,'麻江县','522600',1481),(1718,3,'532624',6772,3,'麻栗坡县','532600',6773),(1719,3,'230307',2562,3,'麻山区','230300',2563),(1720,3,'431226',3116,3,'麻阳苗族自治县','431200',3117),(1721,3,'440811',1068,3,'麻章区','440800',1069),(1722,3,'632626',4548,3,'玛多县','632600',4549),(1723,3,'652324',6372,3,'玛纳斯县','652300',6373),(1724,3,'632621',4550,3,'玛沁县','632600',4551),(1725,3,'623025',606,3,'玛曲县','623000',607),(1726,3,'511133',5816,3,'马边彝族自治县','511100',5817),(1727,3,'410804',2088,3,'马村区','410800',2089),(1728,3,'513229',5632,3,'马尔康县','513200',5633),(1729,3,'532625',6774,3,'马关县','532600',6775),(1730,3,'530321',6730,3,'马龙县','530300',6731),(1731,3,'450124',1330,3,'马山县','450100',1331),(1732,3,'350105',372,3,'马尾区','350100',373),(1733,3,'653127',6412,3,'麦盖提县','653100',6413),(1734,3,'130621',1674,3,'满城县','130600',1675),(1735,3,'150781',4362,3,'满洲里市','150700',4363),(1736,3,'542129',6170,3,'芒康县','542100',6171),(1737,3,'632824',4600,3,'芒崖','632800',4601),(1738,3,'420302',2866,3,'茅箭区','420300',2867),(1739,3,'440903',916,3,'茂港区','440900',917),(1740,3,'440902',918,3,'茂南区','440900',919),(1741,3,'513223',5634,3,'茂县','513200',5635),(1742,3,'220581',3436,3,'梅河口市','220500',3437),(1743,3,'441402',932,3,'梅江区','441400',933),(1744,3,'230208',2650,3,'梅里斯达斡尔族区','230200',2651),(1745,3,'350402',500,3,'梅列区','350400',501),(1746,3,'441421',934,3,'梅县','441400',935),(1747,3,'610326',5322,3,'眉县','610300',5323),(1748,3,'513436',5846,3,'美姑县','513400',5847),(1749,3,'460108',1600,3,'美兰区','460100',1601),(1750,3,'230708',2720,3,'美溪区','230700',2721),(1751,3,'110109',337,2,'门头沟区','110000',338),(1752,3,'632221',4558,3,'门源回族自治县','632200',4559),(1753,3,'341622',272,3,'蒙城县','341600',273),(1754,3,'450423',1366,3,'蒙山县','450400',1367),(1755,3,'371328',4824,3,'蒙阴县','371300',4825),(1756,3,'532522',6632,3,'蒙自县','532500',6633),(1757,3,'130930',1722,3,'孟村回族自治县','130900',1723),(1758,3,'410322',2142,3,'孟津县','410300',2143),(1759,3,'530827',6754,3,'孟连傣族拉祜族佤族自治县','530800',6755),(1760,3,'410883',2090,3,'孟州市','410800',2091),(1761,3,'532925',6582,3,'弥渡县','532900',6583),(1762,3,'532526',6634,3,'弥勒县','532500',6635),(1763,3,'542623',6206,3,'米林县','542600',6207),(1764,3,'652303',6374,3,'米泉市','652300',6375),(1765,3,'510421',5944,3,'米易县','510400',5945),(1766,3,'610827',5522,3,'米脂县','610800',5523),(1767,3,'411726',2378,3,'泌阳县','411700',2379),(1768,3,'230382',2564,3,'密山市','230300',2565),(1769,3,'110228',339,2,'密云县','110000',340),(1770,3,'510683',5724,3,'绵竹市','510600',5725),(1771,3,'513433',5848,3,'冕宁县','513400',5849),(1772,3,'610725',5348,3,'勉县','610700',5349),(1773,3,'653227',6398,3,'民丰县','653200',6399),(1774,3,'632122',4570,3,'民和回族土族自治县','632100',4571),(1775,3,'620722',780,3,'民乐县','620700',781),(1776,3,'620621',766,3,'民勤县','620600',767),(1777,3,'411421',2238,3,'民权县','411400',2239),(1778,3,'350121',374,3,'闽侯县','350100',375),(1779,3,'350124',376,3,'闽清县','350100',377),(1780,3,'341182',82,3,'明光市','341100',83),(1781,3,'210504',3996,3,'明山区','210500',3997),(1782,3,'231225',2694,3,'明水县','231200',2695),(1783,3,'350421',502,3,'明溪县','350400',503),(1784,3,'511821',5976,3,'名山县','511800',5977),(1785,3,'150722',4364,3,'莫力达瓦达斡尔族自治旗','150700',4365),(1786,3,'530822',6756,3,'墨江哈尼族自治县','530800',6757),(1787,3,'542624',6208,3,'墨脱县','542600',6209),(1788,3,'653222',6400,3,'墨玉县','653200',6401),(1789,3,'540127',6186,3,'墨竹工卡县','540100',6187),(1790,3,'232723',2462,3,'漠河县','232700',2463),(1791,3,'532323',6556,3,'牟定县','532300',6557),(1792,3,'370612',4950,3,'牟平区','370600',4951),(1793,3,'371702',4722,3,'牡丹区','371700',4723),(1794,3,'230127',2486,3,'木兰县','230100',2487),(1795,3,'652328',6376,3,'木垒哈萨克自治县','652300',6377),(1796,3,'513422',5850,3,'木里藏族自治县','513400',5851),(1797,3,'410711',2270,3,'牧野区','410700',2271),(1798,3,'231085',2604,3,'穆棱市','231000',2605),(1799,3,'451026',1130,3,'那坡县','451000',1131),(1800,3,'542421',6222,3,'那曲县','542400',6223),(1801,3,'510503',6050,3,'纳溪区','510500',6051),(1802,3,'522426',1420,3,'纳雍县','522400',1421),(1803,3,'542221',6286,3,'乃东县','542200',6287),(1804,3,'150525',4390,3,'奈曼旗','150500',4391),(1805,3,'350583',482,3,'南安市','350500',483),(1806,3,'500108',7181,2,'南岸区','500000',7182),(1807,3,'440523',976,3,'南澳县','440500',977),(1808,3,'511321',5910,3,'南部县','511300',5911),(1809,3,'230703',2722,3,'南岔区','230700',2723),(1810,3,'360121',3872,3,'南昌县','360100',3873),(1811,3,'320203',3636,3,'南长区','320200',3637),(1812,3,'361021',3744,3,'南城县','361000',3745),(1813,3,'500119',7183,2,'南川区','500000',7184),(1814,3,'451221',1258,3,'南丹县','451200',1259),(1815,3,'210505',3998,3,'南芬区','210500',3999),(1816,3,'361023',3746,3,'南丰县','361000',3747),(1817,3,'230103',2488,3,'南岗区','230100',2489),(1818,3,'130581',1976,3,'南宫市','130500',1977),(1819,3,'220102',3350,3,'南关区','220100',3351),(1820,3,'440605',808,3,'南海区','440600',809),(1821,3,'130527',1978,3,'南和县','130500',1979),(1822,3,'532324',6558,3,'南华县','532300',6559),(1823,3,'310119',5599,2,'南汇区','310000',5600),(1824,3,'532926',6584,3,'南涧彝族自治县','532900',6585),(1825,3,'511922',5650,3,'南江县','511900',5651),(1826,3,'140211',5044,3,'南郊区','140200',5045),(1827,3,'350627',548,3,'南靖县','350600',549),(1828,3,'120104',6123,2,'南开区','120000',6124),(1829,3,'360782',3770,3,'南康市','360700',3771),(1830,3,'410923',2420,3,'南乐县','410900',2421),(1831,3,'340223',238,3,'南陵县','340200',239),(1832,3,'520102',1436,3,'南明区','520100',1437),(1833,3,'542322',6252,3,'南木林县','542300',6253),(1834,3,'130927',1724,3,'南皮县','130900',1725),(1835,3,'211404',4108,3,'南票区','211400',4109),(1836,3,'440115',836,3,'南沙区','440100',837),(1837,3,'469038',1632,3,'南沙群岛','469000',1633),(1838,3,'440305',1028,3,'南山区','440300',1029),(1839,3,'230404',2518,3,'南山区','230400',2519),(1840,3,'130604',1676,3,'南市区','130600',1677),(1841,3,'511522',5998,3,'南溪县','511500',5999),(1842,3,'430921',3212,3,'南县','430900',3213),(1843,3,'440282',998,3,'南雄市','440200',999),(1844,3,'430412',3088,3,'南岳区','430400',3089),(1845,3,'420624',2944,3,'南漳县','420600',2945),(1846,3,'411321',2170,3,'南召县','411300',2171),(1847,3,'610721',5350,3,'南郑县','610700',5351),(1848,3,'341103',84,3,'南谯区','341100',85),(1849,3,'330503',6880,3,'南浔区','330500',6881),(1850,3,'632725',4638,3,'囊谦县','632700',4639),(1851,3,'410527',2056,3,'内黄县','410500',2057),(1852,3,'130523',1980,3,'内丘县','130500',1981),(1853,3,'411325',2172,3,'内乡县','411300',2173),(1854,3,'231121',2536,3,'嫩江县','231100',2537),(1855,3,'654028',6520,3,'尼勒克县','654000',6521),(1856,3,'542430',6224,3,'尼玛县','542400',6225),(1857,3,'540123',6188,3,'尼木县','540100',6189),(1858,3,'230207',2652,3,'碾子山区','230200',2653),(1859,3,'542336',6254,3,'聂拉木县','542300',6255),(1860,3,'542424',6226,3,'聂荣县','542400',6227),(1861,3,'231084',2606,3,'宁安市','231000',2607),(1862,3,'150429',4296,3,'宁城县','150400',4297),(1863,3,'360730',3772,3,'宁都县','360700',3773),(1864,3,'341881',258,3,'宁国市','341800',259),(1865,3,'330226',6962,3,'宁海县','330200',6963),(1866,3,'120221',6125,2,'宁河县','120000',6126),(1867,3,'350424',504,3,'宁化县','350400',505),(1868,3,'220702',3416,3,'宁江区','220700',3417),(1869,3,'371422',4678,3,'宁津县','371400',4679),(1870,3,'130528',1982,3,'宁晋县','130500',1983),(1871,3,'411423',2240,3,'宁陵县','411400',2241),(1872,3,'451422',1168,3,'宁明县','451400',1169),(1873,3,'513427',5852,3,'宁南县','513400',5853),(1874,3,'610726',5352,3,'宁强县','610700',5353),(1875,3,'610923',5292,3,'宁陕县','610900',5293),(1876,3,'140925',5220,3,'宁武县','140900',5221),(1877,3,'621026',730,3,'宁县','621000',731),(1878,3,'430124',3034,3,'宁乡县','430100',3035),(1879,3,'370921',4884,3,'宁阳县','370900',4885),(1880,3,'431126',3238,3,'宁远县','431100',3239),(1881,3,'530724',6682,3,'宁蒗彝族自治县','530700',6683),(1882,3,'220122',3352,3,'农安县','220100',3353),(1883,3,'340406',150,3,'潘集区','340400',151),(1884,3,'530103',6660,3,'盘龙区','530100',6661),(1885,3,'211122',4156,3,'盘山县','211100',4157),(1886,3,'520222',1456,3,'盘县','520200',1457),(1887,3,'330727',6912,3,'磐安县','330700',6913),(1888,3,'220284',3370,3,'磐石市','220200',3371),(1889,3,'320322',3654,3,'沛县','320300',3655),(1890,3,'511422',5874,3,'彭山县','511400',5875),(1891,3,'500243',7185,2,'彭水苗族土家族自治县','500000',7186),(1892,3,'640425',4478,3,'彭阳县','640400',4479),(1893,3,'360430',3848,3,'彭泽县','360400',3849),(1894,3,'510182',5676,3,'彭州市','510100',5677),(1895,3,'511323',5912,3,'蓬安县','511300',5913),(1896,3,'440703',886,3,'蓬江区','440700',887),(1897,3,'370684',4952,3,'蓬莱市','370600',4953),(1898,3,'510921',5962,3,'蓬溪县','510900',5963),(1899,3,'653223',6402,3,'皮山县','653200',6403),(1900,3,'140932',5222,3,'偏关县','140900',5223),(1901,3,'632121',4572,3,'平安县','632100',4573),(1902,3,'520421',1398,3,'平坝县','520400',1399),(1903,3,'511923',5652,3,'平昌县','511900',5653),(1904,3,'620403',574,3,'平川区','620400',575),(1905,3,'140321',5246,3,'平定县','140300',5247),(1906,3,'370283',4854,3,'平度市','370200',4855),(1907,3,'230108',2490,3,'平房区','230100',2491),(1908,3,'110117',341,2,'平谷区','110000',342),(1909,3,'451023',1132,3,'平果县','451000',1133),(1910,3,'350628',550,3,'平和县','350600',551),(1911,3,'330482',6894,3,'平湖市','330400',6895),(1912,3,'320503',3580,3,'平江区','320500',3581),(1913,3,'430626',3256,3,'平江县','430600',3257),(1914,3,'450330',1204,3,'平乐县','450300',1205),(1915,3,'610926',5294,3,'平利县','610900',5295),(1916,3,'140603',5170,3,'平鲁区','140600',5171),(1917,3,'140829',5258,3,'平陆县','140800',5259),(1918,3,'640221',4494,3,'平罗县','640200',4495),(1919,3,'450821',1234,3,'平南县','450800',1235),(1920,3,'411503',2296,3,'平桥区','411500',2297),(1921,3,'130823',1756,3,'平泉县','130800',1757),(1922,3,'210502',4000,3,'平山区','210500',4001),(1923,3,'130131',1896,3,'平山县','130100',1897),(1924,3,'140425',5016,3,'平顺县','140400',5017),(1925,3,'350128',378,3,'平潭县','350100',379),(1926,3,'522727',1516,3,'平塘县','522700',1517),(1927,3,'510727',5892,3,'平武县','510700',5893),(1928,3,'130532',1984,3,'平乡县','130500',1985),(1929,3,'330326',7024,3,'平阳县','330300',7025),(1930,3,'140728',5080,3,'平遥县','140700',5081),(1931,3,'371326',4826,3,'平邑县','371300',4827),(1932,3,'370124',4742,3,'平阴县','370100',4743),(1933,3,'411723',2380,3,'平舆县','411700',2381),(1934,3,'371426',4680,3,'平原县','371400',4681),(1935,3,'441426',936,3,'平远县','441400',937),(1936,3,'451481',1170,3,'凭祥市','451400',1171),(1937,3,'532523',6636,3,'屏边苗族自治县','532500',6637),(1938,3,'350923',438,3,'屏南县','350900',439),(1939,3,'511529',6000,3,'屏山县','511500',6001),(1940,3,'440804',1070,3,'坡头区','440800',1071),(1941,3,'610526',5412,3,'蒲城县','610500',5413),(1942,3,'510131',5678,3,'蒲江县','510100',5679),(1943,3,'141033',5118,3,'蒲县','141000',5119),(1944,3,'522323',1528,3,'普安县','522300',1529),(1945,3,'520422',1400,3,'普定县','520400',1401),(1946,3,'530821',6758,3,'普洱哈尼族彝族自治县','530800',6759),(1947,3,'513428',5854,3,'普格县','513400',5855),(1948,3,'210282',4034,3,'普兰店市','210200',4035),(1949,3,'542521',6144,3,'普兰县','542500',6145),(1950,3,'445281',902,3,'普宁市','445200',903),(1951,3,'310107',5601,2,'普陀区','310000',5602),(1952,3,'330903',7042,3,'普陀区','330900',7043),(1953,3,'450722',1350,3,'浦北县','450700',1351),(1954,3,'350722',412,3,'浦城县','350700',413),(1955,3,'310115',5603,2,'浦东新区','310000',5604),(1956,3,'330726',6914,3,'浦江县','330700',6915),(1957,3,'320111',3532,3,'浦口区','320100',3533),(1958,3,'320113',3534,3,'栖霞区','320100',3535),(1959,3,'370686',4954,3,'栖霞市','370600',4955),(1960,3,'320405',3466,3,'戚墅堰区','320400',3467),(1961,3,'620103',654,3,'七里河区','620100',655),(1962,3,'450305',1206,3,'七星区','450300',1207),(1963,3,'652325',6378,3,'奇台县','652300',6379),(1964,3,'371425',4682,3,'齐河县','371400',4683),(1965,3,'430426',3090,3,'祁东县','430400',3091),(1966,3,'632222',4560,3,'祁连县','632200',4561),(1967,3,'341024',164,3,'祁门县','341000',165),(1968,3,'140727',5082,3,'祁县','140700',5083),(1969,3,'431121',3240,3,'祁阳县','431100',3241),(1970,3,'320681',3558,3,'启东市','320600',3559),(1971,3,'361124',3908,3,'铅山县','361100',3909),(1972,3,'210311',3978,3,'千山区','210300',3979),(1973,3,'610328',5324,3,'千阳县','610300',5325),(1974,3,'130283',1950,3,'迁安市','130200',1951),(1975,3,'130227',1952,3,'迁西县','130200',1953),(1976,3,'220723',3418,3,'乾安县','220700',3419),(1977,3,'610424',5458,3,'乾县','610400',5459),(1978,3,'500114',7187,2,'黔江区','500000',7188),(1979,3,'522423',1422,3,'黔西县','522400',1423),(1980,3,'220721',3420,3,'前郭尔罗斯蒙古族自治县','220700',3421),(1981,3,'230804',2578,3,'前进区','230800',2579),(1982,3,'429005',2852,3,'潜江市','429000',2853),(1983,3,'340824',8,3,'潜山县','340800',9),(1984,3,'130103',1898,3,'桥东区','130100',1899),(1985,3,'130502',1986,3,'桥东区','130500',1987),(1986,3,'130702',2018,3,'桥东区','130700',2019),(1987,3,'130503',1988,3,'桥西区','130500',1989),(1988,3,'130703',2020,3,'桥西区','130700',2021),(1989,3,'130104',1900,3,'桥西区','130100',1901),(1990,3,'530622',6820,3,'巧家县','530600',6821),(1991,3,'230904',2620,3,'茄子河区','230900',2621),(1992,3,'652825',6346,3,'且末县','652800',6347),(1993,3,'450703',1352,3,'钦北区','450700',1353),(1994,3,'450702',1354,3,'钦南区','450700',1355),(1995,3,'620522',748,3,'秦安县','620500',749),(1996,3,'620502',750,3,'秦城区','620500',751),(1997,3,'610402',5460,3,'秦都区','610400',5461),(1998,3,'320104',3536,3,'秦淮区','320100',3537),(1999,3,'140521',5064,3,'沁水县','140500',5065),(2000,3,'140430',5018,3,'沁县','140400',5019),(2001,3,'410882',2092,3,'沁阳市','410800',2093),(2002,3,'140431',5020,3,'沁源县','140400',5021),(2003,3,'510113',5680,3,'青白江区','510100',5681),(2004,3,'510822',5794,3,'青川县','510800',5795),(2005,3,'231223',2696,3,'青冈县','231200',2697),(2006,3,'654325',6332,3,'青河县','654300',6333),(2007,3,'130321',1874,3,'青龙满族自治县','130300',1875),(2008,3,'310118',5605,2,'青浦区','310000',5606),(2009,3,'360111',3874,3,'青山湖区','360100',3875),(2010,3,'150204',4270,3,'青山区','150200',4271),(2011,3,'420107',2910,3,'青山区','420100',2911),(2012,3,'511425',5876,3,'青神县','511400',5877),(2013,3,'331121',6934,3,'青田县','331100',6935),(2014,3,'640381',4502,3,'青铜峡市','640300',4503),(2015,3,'130922',1726,3,'青县','130900',1727),(2016,3,'450103',1332,3,'青秀区','450100',1333),(2017,3,'510105',5682,3,'青羊区','510100',5683),(2018,3,'341723',66,3,'青阳县','341700',67),(2019,3,'360803',3806,3,'青原区','360800',3807),(2020,3,'360104',3876,3,'青云谱区','360100',3877),(2021,3,'370781',4924,3,'青州市','370700',4925),(2022,3,'441802',954,3,'清城区','441800',955),(2023,3,'410922',2422,3,'清丰县','410900',2423),(2024,3,'210905',4088,3,'清河门区','210900',4089),(2025,3,'320802',3492,3,'清河区','320800',3493),(2026,3,'211204',4202,3,'清河区','211200',4203),(2027,3,'130534',1990,3,'清河县','130500',1991),(2028,3,'610830',5524,3,'清涧县','610800',5525),(2029,3,'350423',506,3,'清流县','350400',507),(2030,3,'320811',3494,3,'清浦区','320800',3495),(2031,3,'150124',4330,3,'清水河县','150100',4331),(2032,3,'620521',752,3,'清水县','620500',753),(2033,3,'441827',956,3,'清新县','441800',957),(2034,3,'140121',5192,3,'清徐县','140100',5193),(2035,3,'210423',4070,3,'清原满族自治县','210400',4071),(2036,3,'130622',1678,3,'清苑县','130600',1679),(2037,3,'520181',1438,3,'清镇市','520100',1439),(2038,3,'522324',1530,3,'晴隆县','522300',1531),(2039,3,'231224',2698,3,'庆安县','231200',2699),(2040,3,'621021',732,3,'庆城县','621000',733),(2041,3,'331126',6936,3,'庆元县','331100',6937),(2042,3,'371423',4684,3,'庆云县','371400',4685),(2043,3,'469002',1634,3,'琼海市','469000',1635),(2044,3,'542225',6288,3,'琼结县','542200',6289),(2045,3,'460107',1602,3,'琼山区','460100',1603),(2046,3,'469036',1636,3,'琼中黎族苗族自治县','469000',1637),(2047,3,'532626',6776,3,'丘北县','532600',6777),(2048,3,'130430',1798,3,'邱县','130400',1799),(2049,3,'370881',4762,3,'曲阜市','370800',4763),(2050,3,'440205',1000,3,'曲江区','440200',1001),(2051,3,'632726',4640,3,'曲麻莱县','632700',4641),(2052,3,'540124',6190,3,'曲水县','540100',6191),(2053,3,'542226',6290,3,'曲松县','542200',6291),(2054,3,'141021',5120,3,'曲沃县','141000',5121),(2055,3,'130634',1680,3,'曲阳县','130600',1681),(2056,3,'130435',1800,3,'曲周县','130400',1801),(2057,3,'511725',5708,3,'渠县','511700',5709),(2058,3,'350505',484,3,'泉港区','350500',485),(2059,3,'320311',3656,3,'泉山区','320300',3657),(2060,3,'341124',86,3,'全椒县','341100',87),(2061,3,'360729',3774,3,'全南县','360700',3775),(2062,3,'450324',1208,3,'全州县','450300',1209),(2063,3,'411725',2382,3,'确山县','411700',2383),(2064,3,'513230',5636,3,'壤塘县','513200',5637),(2065,3,'230604',2444,3,'让胡路区','230600',2445),(2066,3,'230524',2676,3,'饶河县','230500',2677),(2067,3,'445122',794,3,'饶平县','445100',795),(2068,3,'131124',1824,3,'饶阳县','131100',1825),(2069,3,'542330',6256,3,'仁布县','542300',6257),(2070,3,'510411',5946,3,'仁和区','510400',5947),(2071,3,'440224',1002,3,'仁化县','440200',1003),(2072,3,'520382',1574,3,'仁怀市','520300',1575),(2073,3,'511421',5878,3,'仁寿县','511400',5879),(2074,3,'370811',4764,3,'任城区','370800',4765),(2075,3,'130982',1728,3,'任丘市','130900',1729),(2076,3,'130526',1992,3,'任县','130500',1993),(2077,3,'542301',6258,3,'日喀则市','542300',6259),(2078,3,'542524',6146,3,'日土县','542500',6147),(2079,3,'500226',7189,2,'荣昌县','500000',7190),(2080,3,'371082',4898,3,'荣成市','371000',4899),(2081,3,'510321',6032,3,'荣县','510300',6033),(2082,3,'450224',1308,3,'融安县','450200',1309),(2083,3,'450225',1310,3,'融水苗族自治县','450200',1311),(2084,3,'130629',1682,3,'容城县','130600',1683),(2085,3,'450921',1384,3,'容县','450900',1385),(2086,3,'320623',3560,3,'如东县','320600',3561),(2087,3,'320682',3562,3,'如皋市','320600',3563),(2088,3,'371083',4900,3,'乳山市','371000',4901),(2089,3,'440232',1004,3,'乳源瑶族自治县','440200',1005),(2090,3,'431026',3064,3,'汝城县','431000',3065),(2091,3,'411727',2384,3,'汝南县','411700',2385),(2092,3,'410326',2144,3,'汝阳县','410300',2145),(2093,3,'410482',2200,3,'汝州市','410400',2201),(2094,3,'330381',7026,3,'瑞安市','330300',7027),(2095,3,'360481',3850,3,'瑞昌市','360400',3851),(2096,3,'360781',3776,3,'瑞金市','360700',3777),(2097,3,'533102',6604,3,'瑞丽市','533100',6605),(2098,3,'321111',3720,3,'润州区','321100',3721),(2099,3,'513232',5638,3,'若尔盖县','513200',5639),(2100,3,'652824',6348,3,'若羌县','652800',6349),(2101,3,'230602',2446,3,'萨尔图区','230600',2447),(2102,3,'542337',6260,3,'萨嘎县','542300',6261),(2103,3,'542325',6262,3,'萨迦县','542300',6263),(2104,3,'150105',4332,3,'赛罕区','150100',4333),(2105,3,'522732',1518,3,'三都水族自治县','522700',1519),(2106,3,'131082',1852,3,'三河市','131000',1853),(2107,3,'450226',1312,3,'三江侗族自治县','450200',1313),(2108,3,'331022',7000,3,'三门县','331000',7001),(2109,3,'340208',240,3,'三山区','340200',241),(2110,3,'440607',810,3,'三水区','440600',811),(2111,3,'522624',1482,3,'三穗县','522600',1483),(2112,3,'510722',5894,3,'三台县','510700',5895),(2113,3,'350403',508,3,'三元区','350400',509),(2114,3,'610422',5462,3,'三原县','610400',5463),(2115,3,'542224',6292,3,'桑日县','542200',6293),(2116,3,'430822',3274,3,'桑植县','430800',3275),(2117,3,'513333',5760,3,'色达县','513300',5761),(2118,3,'653125',6414,3,'莎车县','653100',6415),(2119,3,'210204',4036,3,'沙河口区','210200',4037),(2120,3,'130582',1994,3,'沙河市','130500',1995),(2121,3,'500106',7191,2,'沙坪坝区','500000',7192),(2122,3,'640502',4530,3,'沙坡头区','640500',4531),(2123,3,'421002',2842,3,'沙市区','421000',2843),(2124,3,'511111',5818,3,'沙湾区','511100',5819),(2125,3,'654223',6472,3,'沙湾县','654200',6473),(2126,3,'350427',510,3,'沙县','350400',511),(2127,3,'652924',6310,3,'沙雅县','652900',6311),(2128,3,'420822',2824,3,'沙洋县','420800',2825),(2129,3,'650103',6496,3,'沙依巴克区','650100',6497),(2130,3,'410603',2072,3,'山城区','410600',2073),(2131,3,'620725',782,3,'山丹县','620700',783),(2132,3,'130303',1876,3,'山海关区','130300',1877),(2133,3,'370406',4964,3,'山亭区','370400',4965),(2134,3,'410811',2094,3,'山阳区','410800',2095),(2135,3,'611024',5368,3,'山阳县','611000',5369),(2136,3,'140621',5172,3,'山阴县','140600',5173),(2137,3,'411222',2226,3,'陕县','411200',2227),(2138,3,'411524',2298,3,'商城县','411500',2299),(2139,3,'150923',4422,3,'商都县','150900',4423),(2140,3,'370126',4744,3,'商河县','370100',4745),(2141,3,'611023',5370,3,'商南县','611000',5371),(2142,3,'411623',2364,3,'商水县','411600',2365),(2143,3,'611002',5372,3,'商州区','611000',5373),(2144,3,'411722',2386,3,'上蔡县','411700',2387),(2145,3,'330102',6858,3,'上城区','330100',6859),(2146,3,'230716',2724,3,'上甘岭区','230700',2725),(2147,3,'360923',3946,3,'上高县','360900',3947),(2148,3,'350823',392,3,'上杭县','350800',393),(2149,3,'410106',2338,3,'上街区','410100',2339),(2150,3,'360322',3894,3,'上栗县','360300',3895),(2151,3,'450125',1334,3,'上林县','450100',1335),(2152,3,'361121',3910,3,'上饶县','361100',3911),(2153,3,'450621',1184,3,'上思县','450600',1185),(2154,3,'360724',3778,3,'上犹县','360700',3779),(2155,3,'330682',6976,3,'上虞市','330600',6977),(2156,3,'130725',2022,3,'尚义县','130700',2023),(2157,3,'230183',2492,3,'尚志市','230100',2493),(2158,3,'430382',3176,3,'韶山市','430300',3177),(2159,3,'430521',3158,3,'邵东县','430500',3159),(2160,3,'350781',414,3,'邵武市','350700',415),(2161,3,'430523',3160,3,'邵阳县','430500',3161),(2162,3,'330621',6978,3,'绍兴县','330600',6979),(2163,3,'510922',5964,3,'射洪县','510900',5965),(2164,3,'320924',3682,3,'射阳县','320900',3683),(2165,3,'130426',1802,3,'涉县','130400',1803),(2166,3,'411327',2174,3,'社旗县','411300',2175),(2167,3,'542426',6228,3,'申扎县','542400',6229),(2168,3,'130128',1902,3,'深泽县','130100',1903),(2169,3,'131182',1826,3,'深州市','131100',1827),(2170,3,'140927',5224,3,'神池县','140900',5225),(2171,3,'610821',5526,3,'神木县','610800',5527),(2172,3,'429021',2854,3,'神农架林区','429000',2855),(2173,3,'210113',4180,3,'沈北新区','210100',4181),(2174,3,'210103',4182,3,'沈河区','210100',4183),(2175,3,'411624',2366,3,'沈丘县','411600',2367),(2176,3,'530323',6732,3,'师宗县','530300',6733),(2177,3,'340703',224,3,'狮子山区','340700',225),(2178,3,'522623',1484,3,'施秉县','522600',1485),(2179,3,'530521',6542,3,'施甸县','530500',6543),(2180,3,'360735',3780,3,'石城县','360700',3781),(2181,3,'430204',3290,3,'石峰区','430200',3291),(2182,3,'430407',3092,3,'石鼓区','430400',3093),(2183,3,'150205',4272,3,'石拐区','150200',4273),(2184,3,'659001',6458,3,'石河子市','659000',6459),(2185,3,'110107',343,2,'石景山区','110000',344),(2186,3,'530126',6662,3,'石林彝族自治县','530100',6663),(2187,3,'410404',2202,3,'石龙区','410400',2203),(2188,3,'141126',5152,3,'石楼县','141100',5153),(2189,3,'430726',3018,3,'石门县','430700',3019),(2190,3,'511824',5978,3,'石棉县','511800',5979),(2191,3,'532525',6638,3,'石屏县','532500',6639),(2192,3,'513332',5762,3,'石渠县','513300',5763),(2193,3,'610922',5296,3,'石泉县','610900',5297),(2194,3,'350581',486,3,'石狮市','350500',487),(2195,3,'421081',2844,3,'石首市','421000',2845),(2196,3,'341722',68,3,'石台县','341700',69),(2197,3,'500240',7193,2,'石柱土家族自治县','500000',7194),(2198,3,'522224',1546,3,'石阡县','522200',1547),(2199,3,'510682',5726,3,'什邡市','510600',5727),(2200,3,'440222',1006,3,'始兴县','440200',1007),(2201,3,'370203',4856,3,'市北区','370200',4857),(2202,3,'370202',4858,3,'市南区','370200',4859),(2203,3,'140501',5066,3,'市辖区','140500',5067),(2204,3,'530101',6664,3,'市辖区','530100',6665),(2205,3,'530301',6734,3,'市辖区','530300',6735),(2206,3,'530401',6804,3,'市辖区','530400',6805),(2207,3,'530501',6544,3,'市辖区','530500',6545),(2208,3,'530601',6822,3,'市辖区','530600',6823),(2209,3,'530701',6684,3,'市辖区','530700',6685),(2210,3,'530801',6760,3,'市辖区','530800',6761),(2211,3,'530901',6700,3,'市辖区','530900',6701),(2212,3,'540101',6192,3,'市辖区','540100',6193),(2213,3,'610101',5434,3,'市辖区','610100',5435),(2214,3,'610201',5382,3,'市辖区','610200',5383),(2215,3,'610301',5326,3,'市辖区','610300',5327),(2216,3,'610401',5464,3,'市辖区','610400',5465),(2217,3,'610501',5414,3,'市辖区','610500',5415),(2218,3,'610601',5496,3,'市辖区','610600',5497),(2219,3,'610701',5354,3,'市辖区','610700',5355),(2220,3,'610801',5528,3,'市辖区','610800',5529),(2221,3,'610901',5298,3,'市辖区','610900',5299),(2222,3,'611001',5374,3,'市辖区','611000',5375),(2223,3,'620101',656,3,'市辖区','620100',657),(2224,3,'620201',616,3,'市辖区','620200',617),(2225,3,'620301',622,3,'市辖区','620300',623),(2226,3,'620401',576,3,'市辖区','620400',577),(2227,3,'620501',754,3,'市辖区','620500',755),(2228,3,'620601',768,3,'市辖区','620600',769),(2229,3,'620701',784,3,'市辖区','620700',785),(2230,3,'620801',714,3,'市辖区','620800',715),(2231,3,'620901',636,3,'市辖区','620900',637),(2232,3,'621001',734,3,'市辖区','621000',735),(2233,3,'621101',586,3,'市辖区','621100',587),(2234,3,'621201',694,3,'市辖区','621200',695),(2235,3,'630101',4628,3,'市辖区','630100',4629),(2236,3,'640101',4518,3,'市辖区','640100',4519),(2237,3,'640201',4496,3,'市辖区','640200',4497),(2238,3,'640301',4504,3,'市辖区','640300',4505),(2239,3,'640401',4480,3,'市辖区','640400',4481),(2240,3,'640501',4532,3,'市辖区','640500',4533),(2241,3,'650101',6498,3,'市辖区','650100',6499),(2242,3,'650201',6440,3,'市辖区','650200',6441),(2243,3,'130101',1904,3,'市辖区','130100',1905),(2244,3,'130201',1954,3,'市辖区','130200',1955),(2245,3,'130301',1878,3,'市辖区','130300',1879),(2246,3,'130401',1804,3,'市辖区','130400',1805),(2247,3,'130501',1996,3,'市辖区','130500',1997),(2248,3,'130601',1684,3,'市辖区','130600',1685),(2249,3,'130701',2024,3,'市辖区','130700',2025),(2250,3,'130801',1758,3,'市辖区','130800',1759),(2251,3,'130901',1730,3,'市辖区','130900',1731),(2252,3,'131001',1854,3,'市辖区','131000',1855),(2253,3,'131101',1828,3,'市辖区','131100',1829),(2254,3,'140101',5194,3,'市辖区','140100',5195),(2255,3,'140201',5046,3,'市辖区','140200',5047),(2256,3,'140301',5248,3,'市辖区','140300',5249),(2257,3,'140401',5022,3,'市辖区','140400',5023),(2258,3,'440201',1008,3,'市辖区','440200',1009),(2259,3,'440301',1030,3,'市辖区','440300',1031),(2260,3,'440401',1112,3,'市辖区','440400',1113),(2261,3,'440501',978,3,'市辖区','440500',979),(2262,3,'440601',812,3,'市辖区','440600',813),(2263,3,'440701',888,3,'市辖区','440700',889),(2264,3,'440801',1072,3,'市辖区','440800',1073),(2265,3,'440901',920,3,'市辖区','440900',921),(2266,3,'441201',1098,3,'市辖区','441200',1099),(2267,3,'441301',874,3,'市辖区','441300',875),(2268,3,'441401',938,3,'市辖区','441400',939),(2269,3,'441501',992,3,'市辖区','441500',993),(2270,3,'441601',856,3,'市辖区','441600',857),(2271,3,'441701',1038,3,'市辖区','441700',1039),(2272,3,'441801',958,3,'市辖区','441800',959),(2273,3,'445101',796,3,'市辖区','445100',797),(2274,3,'445201',904,3,'市辖区','445200',905),(2275,3,'450101',1336,3,'市辖区','450100',1337),(2276,3,'450201',1314,3,'市辖区','450200',1315),(2277,3,'450301',1210,3,'市辖区','450300',1211),(2278,3,'450401',1368,3,'市辖区','450400',1369),(2279,3,'450501',1152,3,'市辖区','450500',1153),(2280,3,'450601',1186,3,'市辖区','450600',1187),(2281,3,'450701',1356,3,'市辖区','450700',1357),(2282,3,'450801',1236,3,'市辖区','450800',1237),(2283,3,'450901',1386,3,'市辖区','450900',1387),(2284,3,'451001',1134,3,'市辖区','451000',1135),(2285,3,'451101',1272,3,'市辖区','451100',1273),(2286,3,'451201',1260,3,'市辖区','451200',1261),(2287,3,'451301',1284,3,'市辖区','451300',1285),(2288,3,'451401',1172,3,'市辖区','451400',1173),(2289,3,'460101',1604,3,'市辖区','460100',1605),(2290,3,'460201',1610,3,'市辖区','460200',1611),(2291,3,'510101',5684,3,'市辖区','510100',5685),(2292,3,'510301',6034,3,'市辖区','510300',6035),(2293,3,'510401',5948,3,'市辖区','510400',5949),(2294,3,'510501',6052,3,'市辖区','510500',6053),(2295,3,'510601',5728,3,'市辖区','510600',5729),(2296,3,'510701',5896,3,'市辖区','510700',5897),(2297,3,'445301',1050,3,'市辖区','445300',1051),(2298,3,'510801',5796,3,'市辖区','510800',5797),(2299,3,'510901',5966,3,'市辖区','510900',5967),(2300,3,'511001',5932,3,'市辖区','511000',5933),(2301,3,'511101',5820,3,'市辖区','511100',5821),(2302,3,'511301',5914,3,'市辖区','511300',5915),(2303,3,'511401',5880,3,'市辖区','511400',5881),(2304,3,'511501',6002,3,'市辖区','511500',6003),(2305,3,'511601',5780,3,'市辖区','511600',5781),(2306,3,'511701',5710,3,'市辖区','511700',5711),(2307,3,'511801',5980,3,'市辖区','511800',5981),(2308,3,'511901',5654,3,'市辖区','511900',5655),(2309,3,'512001',6020,3,'市辖区','512000',6021),(2310,3,'520101',1440,3,'市辖区','520100',1441),(2311,3,'520301',1576,3,'市辖区','520300',1577),(2312,3,'520401',1402,3,'市辖区','520400',1403),(2313,3,'370501',4706,3,'市辖区','370500',4707),(2314,3,'370601',4956,3,'市辖区','370600',4957),(2315,3,'370701',4926,3,'市辖区','370700',4927),(2316,3,'370801',4766,3,'市辖区','370800',4767),(2317,3,'370901',4886,3,'市辖区','370900',4887),(2318,3,'371001',4902,3,'市辖区','371000',4903),(2319,3,'371101',4870,3,'市辖区','371100',4871),(2320,3,'371201',4788,3,'市辖区','371200',4789),(2321,3,'371301',4828,3,'市辖区','371300',4829),(2322,3,'371401',4686,3,'市辖区','371400',4687),(2323,3,'371501',4802,3,'市辖区','371500',4803),(2324,3,'371601',4658,3,'市辖区','371600',4659),(2325,3,'371701',4724,3,'市辖区','371700',4725),(2326,3,'410101',2340,3,'市辖区','410100',2341),(2327,3,'410201',2118,3,'市辖区','410200',2119),(2328,3,'410301',2146,3,'市辖区','410300',2147),(2329,3,'410401',2204,3,'市辖区','410400',2205),(2330,3,'410501',2058,3,'市辖区','410500',2059),(2331,3,'410601',2074,3,'市辖区','410600',2075),(2332,3,'410701',2272,3,'市辖区','410700',2273),(2333,3,'410801',2096,3,'市辖区','410800',2097),(2334,3,'410901',2424,3,'市辖区','410900',2425),(2335,3,'411001',2312,3,'市辖区','411000',2313),(2336,3,'411101',2404,3,'市辖区','411100',2405),(2337,3,'411201',2228,3,'市辖区','411200',2229),(2338,3,'411301',2176,3,'市辖区','411300',2177),(2339,3,'411401',2242,3,'市辖区','411400',2243),(2340,3,'411501',2300,3,'市辖区','411500',2301),(2341,3,'411601',2368,3,'市辖区','411600',2369),(2342,3,'411701',2388,3,'市辖区','411700',2389),(2343,3,'420101',2912,3,'市辖区','420100',2913),(2344,3,'420201',2806,3,'市辖区','420200',2807),(2345,3,'420301',2868,3,'市辖区','420300',2869),(2346,3,'420501',2984,3,'市辖区','420500',2985),(2347,3,'420601',2946,3,'市辖区','420600',2947),(2348,3,'420701',2756,3,'市辖区','420700',2757),(2349,3,'420801',2826,3,'市辖区','420800',2827),(2350,3,'420901',2964,3,'市辖区','420900',2965),(2351,3,'421001',2846,3,'市辖区','421000',2847),(2352,3,'421101',2788,3,'市辖区','421100',2789),(2353,3,'421201',2926,3,'市辖区','421200',2927),(2354,3,'421301',2884,3,'市辖区','421300',2885),(2355,3,'430101',3036,3,'市辖区','430100',3037),(2356,3,'430201',3292,3,'市辖区','430200',3293),(2357,3,'430301',3178,3,'市辖区','430300',3179),(2358,3,'430401',3094,3,'市辖区','430400',3095),(2359,3,'430501',3162,3,'市辖区','430500',3163),(2360,3,'430601',3258,3,'市辖区','430600',3259),(2361,3,'430701',3020,3,'市辖区','430700',3021),(2362,3,'430801',3276,3,'市辖区','430800',3277),(2363,3,'430901',3214,3,'市辖区','430900',3215),(2364,3,'431001',3066,3,'市辖区','431000',3067),(2365,3,'431101',3242,3,'市辖区','431100',3243),(2366,3,'431201',3118,3,'市辖区','431200',3119),(2367,3,'431301',3140,3,'市辖区','431300',3141),(2368,3,'440101',838,3,'市辖区','440100',839),(2369,3,'321301',3596,3,'市辖区','321300',3597),(2370,3,'330101',6860,3,'市辖区','330100',6861),(2371,3,'330201',6964,3,'市辖区','330200',6965),(2372,3,'330301',7028,3,'市辖区','330300',7029),(2373,3,'330401',6896,3,'市辖区','330400',6897),(2374,3,'330501',6882,3,'市辖区','330500',6883),(2375,3,'330601',6980,3,'市辖区','330600',6981),(2376,3,'330701',6916,3,'市辖区','330700',6917),(2377,3,'330801',7062,3,'市辖区','330800',7063),(2378,3,'330901',7044,3,'市辖区','330900',7045),(2379,3,'331001',7002,3,'市辖区','331000',7003),(2380,3,'331101',6938,3,'市辖区','331100',6939),(2381,3,'340101',124,3,'市辖区','340100',125),(2382,3,'340301',40,3,'市辖区','340300',41),(2383,3,'340401',152,3,'市辖区','340400',153),(2384,3,'340501',202,3,'市辖区','340500',203),(2385,3,'340601',136,3,'市辖区','340600',137),(2386,3,'340701',226,3,'市辖区','340700',227),(2387,3,'340801',10,3,'市辖区','340800',11),(2388,3,'341001',166,3,'市辖区','341000',167),(2389,3,'341101',88,3,'市辖区','341100',89),(2390,3,'341201',100,3,'市辖区','341200',101),(2391,3,'341301',212,3,'市辖区','341300',213),(2392,3,'341401',56,3,'市辖区','341400',57),(2393,3,'341501',186,3,'市辖区','341500',187),(2394,3,'341601',274,3,'市辖区','341600',275),(2395,3,'341701',70,3,'市辖区','341700',71),(2396,3,'341801',260,3,'市辖区','341800',261),(2397,3,'350101',380,3,'市辖区','350100',381),(2398,3,'350201',528,3,'市辖区','350200',529),(2399,3,'350301',458,3,'市辖区','350300',459),(2400,3,'350401',512,3,'市辖区','350400',513),(2401,3,'350501',488,3,'市辖区','350500',489),(2402,3,'350601',552,3,'市辖区','350600',553),(2403,3,'350701',416,3,'市辖区','350700',417),(2404,3,'350801',394,3,'市辖区','350800',395),(2405,3,'350901',440,3,'市辖区','350900',441),(2406,3,'360101',3878,3,'市辖区','360100',3879),(2407,3,'360201',3832,3,'市辖区','360200',3833),(2408,3,'360301',3896,3,'市辖区','360300',3897),(2409,3,'360401',3852,3,'市辖区','360400',3853),(2410,3,'360501',3932,3,'市辖区','360500',3933),(2411,3,'360601',3964,3,'市辖区','360600',3965),(2412,3,'360701',3782,3,'市辖区','360700',3783),(2413,3,'340201',242,3,'市辖区','340200',243),(2414,3,'360801',3808,3,'市辖区','360800',3809),(2415,3,'360901',3948,3,'市辖区','360900',3949),(2416,3,'361001',3748,3,'市辖区','361000',3749),(2417,3,'361101',3912,3,'市辖区','361100',3913),(2418,3,'370101',4746,3,'市辖区','370100',4747),(2419,3,'370201',4860,3,'市辖区','370200',4861),(2420,3,'370301',4988,3,'市辖区','370300',4989),(2421,3,'370401',4966,3,'市辖区','370400',4967),(2422,3,'140601',5174,3,'市辖区','140600',5175),(2423,3,'140701',5084,3,'市辖区','140700',5085),(2424,3,'140801',5260,3,'市辖区','140800',5261),(2425,3,'140901',5226,3,'市辖区','140900',5227),(2426,3,'141001',5122,3,'市辖区','141000',5123),(2427,3,'141101',5154,3,'市辖区','141100',5155),(2428,3,'150101',4334,3,'市辖区','150100',4335),(2429,3,'150201',4274,3,'市辖区','150200',4275),(2430,3,'150301',4402,3,'市辖区','150300',4403),(2431,3,'150401',4298,3,'市辖区','150400',4299),(2432,3,'150501',4392,3,'市辖区','150500',4393),(2433,3,'150701',4366,3,'市辖区','150700',4367),(2434,3,'150801',4244,3,'市辖区','150800',4245),(2435,3,'150901',4424,3,'市辖区','150900',4425),(2436,3,'210101',4184,3,'市辖区','210100',4185),(2437,3,'210201',4038,3,'市辖区','210200',4039),(2438,3,'210301',3980,3,'市辖区','210300',3981),(2439,3,'210401',4072,3,'市辖区','210400',4073),(2440,3,'210501',4002,3,'市辖区','210500',4003),(2441,3,'210601',4056,3,'市辖区','210600',4057),(2442,3,'210701',4128,3,'市辖区','210700',4129),(2443,3,'210801',4220,3,'市辖区','210800',4221),(2444,3,'210901',4090,3,'市辖区','210900',4091),(2445,3,'211001',4146,3,'市辖区','211000',4147),(2446,3,'211101',4158,3,'市辖区','211100',4159),(2447,3,'211201',4204,3,'市辖区','211200',4205),(2448,3,'211301',4020,3,'市辖区','211300',4021),(2449,3,'211401',4110,3,'市辖区','211400',4111),(2450,3,'220101',3354,3,'市辖区','220100',3355),(2451,3,'220201',3372,3,'市辖区','220200',3373),(2452,3,'220301',3400,3,'市辖区','220300',3401),(2453,3,'220401',3390,3,'市辖区','220400',3391),(2454,3,'220501',3438,3,'市辖区','220500',3439),(2455,3,'220601',3334,3,'市辖区','220600',3335),(2456,3,'220701',3422,3,'市辖区','220700',3423),(2457,3,'220801',3310,3,'市辖区','220800',3311),(2458,3,'230101',2494,3,'市辖区','230100',2495),(2459,3,'230201',2654,3,'市辖区','230200',2655),(2460,3,'230301',2566,3,'市辖区','230300',2567),(2461,3,'230401',2520,3,'市辖区','230400',2521),(2462,3,'230501',2678,3,'市辖区','230500',2679),(2463,3,'230601',2448,3,'市辖区','230600',2449),(2464,3,'230701',2726,3,'市辖区','230700',2727),(2465,3,'230801',2580,3,'市辖区','230800',2581),(2466,3,'230901',2622,3,'市辖区','230900',2623),(2467,3,'231001',2608,3,'市辖区','231000',2609),(2468,3,'231101',2538,3,'市辖区','231100',2539),(2469,3,'231201',2700,3,'市辖区','231200',2701),(2470,3,'320101',3538,3,'市辖区','320100',3539),(2471,3,'320201',3638,3,'市辖区','320200',3639),(2472,3,'320301',3658,3,'市辖区','320300',3659),(2473,3,'320401',3468,3,'市辖区','320400',3469),(2474,3,'320501',3582,3,'市辖区','320500',3583),(2475,3,'320601',3564,3,'市辖区','320600',3565),(2476,3,'320701',3514,3,'市辖区','320700',3515),(2477,3,'320801',3496,3,'市辖区','320800',3497),(2478,3,'320901',3684,3,'市辖区','320900',3685),(2479,3,'321001',3702,3,'市辖区','321000',3703),(2480,3,'321101',3722,3,'市辖区','321100',3723),(2481,3,'321201',3618,3,'市辖区','321200',3619),(2482,3,'370103',4748,3,'市中区','370100',4749),(2483,3,'511102',5822,3,'市中区','511100',5823),(2484,3,'370802',4768,3,'市中区','370800',4769),(2485,3,'370402',4968,3,'市中区','370400',4969),(2486,3,'510802',5798,3,'市中区','510800',5799),(2487,3,'511002',5934,3,'市中区','511000',5935),(2488,3,'370783',4928,3,'寿光市','370700',4929),(2489,3,'350924',442,3,'寿宁县','350900',443),(2490,3,'341521',188,3,'寿县','341500',189),(2491,3,'140725',5086,3,'寿阳县','140700',5087),(2492,3,'341523',190,3,'舒城县','341500',191),(2493,3,'220283',3374,3,'舒兰市','220200',3375),(2494,3,'653121',6416,3,'疏附县','653100',6417),(2495,3,'653122',6418,3,'疏勒县','653100',6419),(2496,3,'340104',126,3,'蜀山区','340100',127),(2497,3,'532322',6560,3,'双柏县','532300',6561),(2498,3,'230182',2496,3,'双城市','230100',2497),(2499,3,'431321',3142,3,'双峰县','431300',3143),(2500,3,'530925',6702,3,'双江拉祜族佤族布朗族傣族自治县','530900',6703),(2501,3,'220382',3402,3,'双辽市','220300',3403),(2502,3,'510122',5686,3,'双流县','510100',5687),(2503,3,'130803',1760,3,'双滦区','130800',1761),(2504,3,'431123',3244,3,'双牌县','431100',3245),(2505,3,'130802',1762,3,'双桥区','130800',1763),(2506,3,'500111',7195,2,'双桥区','500000',7196),(2507,3,'430502',3164,3,'双清区','430500',3165),(2508,3,'211302',4022,3,'双塔区','211300',4023),(2509,3,'211102',4160,3,'双台子区','211100',4161),(2510,3,'220112',3356,3,'双阳区','220100',3357),(2511,3,'520221',1458,3,'水城县','520200',1459),(2512,3,'530630',6824,3,'水富县','530600',6825),(2513,3,'650105',6500,3,'水磨沟区','650100',6501),(2514,3,'350721',418,3,'顺昌县','350700',419),(2515,3,'210411',4074,3,'顺城区','210400',4075),(2516,3,'440606',814,3,'顺德区','440600',815),(2517,3,'410203',2120,3,'顺河回族区','410200',2121),(2518,3,'130636',1686,3,'顺平县','130600',1687),(2519,3,'511302',5916,3,'顺庆区','511300',5917),(2520,3,'110113',345,2,'顺义区','110000',346),(2521,3,'140602',5176,3,'朔城区','140600',5177),(2522,3,'350203',530,3,'思明区','350200',531),(2523,3,'522225',1548,3,'思南县','522200',1549),(2524,3,'370205',4862,3,'四方区','370200',4863),(2525,3,'230505',2680,3,'四方台区','230500',2681),(2526,3,'441284',1100,3,'四会市','441200',1101),(2527,3,'150929',4426,3,'四子王旗','150900',4427),(2528,3,'230109',2498,3,'松北区','230100',2499),(2529,3,'310117',5607,2,'松江区','310000',5608),(2530,3,'232702',2464,3,'松岭区','232700',2465),(2531,3,'513224',5640,3,'松潘县','513200',5641),(2532,3,'150404',4300,3,'松山区','150400',4301),(2533,3,'522229',1550,3,'松桃苗族自治县','522200',1551),(2534,3,'350724',420,3,'松溪县','350700',421),(2535,3,'331124',6940,3,'松阳县','331100',6941),(2536,3,'421087',2848,3,'松滋市','421000',2849),(2537,3,'210111',4186,3,'苏家屯区','210100',4187),(2538,3,'152524',4442,3,'苏尼特右旗','152500',4443),(2539,3,'152523',4444,3,'苏尼特左旗','152500',4445),(2540,3,'431003',3068,3,'苏仙区','431000',3069),(2541,3,'321302',3598,3,'宿城区','321300',3599),(2542,3,'340826',12,3,'宿松县','340800',13),(2543,3,'321311',3600,3,'宿豫区','321300',3601),(2544,3,'620923',638,3,'肃北蒙古族自治县','620900',639),(2545,3,'620721',786,3,'肃南裕固族自治县','620700',787),(2546,3,'130926',1732,3,'肃宁县','130900',1733),(2547,3,'620902',640,3,'肃州区','620900',641),(2548,3,'230422',2522,3,'绥滨县','230400',2523),(2549,3,'610826',5530,3,'绥德县','610800',5531),(2550,3,'231081',2610,3,'绥芬河市','231000',2611),(2551,3,'530626',6826,3,'绥江县','530600',6827),(2552,3,'231226',2702,3,'绥棱县','231200',2703),(2553,3,'430527',3166,3,'绥宁县','430500',3167),(2554,3,'520323',1578,3,'绥阳县','520300',1579),(2555,3,'211421',4112,3,'绥中县','211400',4113),(2556,3,'331123',6942,3,'遂昌县','331100',6943),(2557,3,'360827',3810,3,'遂川县','360800',3811),(2558,3,'411728',2390,3,'遂平县','411700',2391),(2559,3,'440823',1074,3,'遂溪县','440800',1075),(2560,3,'231124',2540,3,'孙吴县','231100',2541),(2561,3,'542427',6230,3,'索县','542400',6231),(2562,3,'654201',6474,3,'塔城市','654200',6475),(2563,3,'232722',2466,3,'塔河县','232700',2467),(2564,3,'653131',6420,3,'塔什库尔干塔吉克自治县','653100',6421),(2565,3,'210321',3982,3,'台安县','210300',3983),(2566,3,'370405',4970,3,'台儿庄区','370400',4971),(2567,3,'350103',382,3,'台江区','350100',383),(2568,3,'522630',1486,3,'台江县','522600',1487),(2569,3,'410927',2426,3,'台前县','410900',2427),(2570,3,'440781',890,3,'台山市','440700',891),(2571,3,'360826',3812,3,'泰和县','360800',3813),(2572,3,'230224',2656,3,'泰来县','230200',2657),(2573,3,'350429',514,3,'泰宁县','350400',515),(2574,3,'370902',4888,3,'泰山区','370900',4889),(2575,3,'330329',7030,3,'泰顺县','330300',7031),(2576,3,'321283',3620,3,'泰兴市','321200',3621),(2577,3,'610331',5328,3,'太白县','610300',5329),(2578,3,'320585',3584,3,'太仓市','320500',3585),(2579,3,'140726',5088,3,'太谷县','140700',5089),(2580,3,'210711',4130,3,'太和区','210700',4131),(2581,3,'341222',102,3,'太和县','341200',103),(2582,3,'340825',14,3,'太湖县','340800',15),(2583,3,'411627',2370,3,'太康县','411600',2371),(2584,3,'210904',4092,3,'太平区','210900',4093),(2585,3,'152527',4446,3,'太仆寺旗','152500',4447),(2586,3,'211011',4148,3,'太子河区','211000',4149),(2587,3,'230712',2728,3,'汤旺河区','230700',2729),(2588,3,'410523',2060,3,'汤阴县','410500',2061),(2589,3,'230828',2582,3,'汤原县','230800',2583),(2590,3,'120107',6127,2,'塘沽区','120000',6128),(2591,3,'130230',1956,3,'唐海县','130200',1957),(2592,3,'411328',2178,3,'唐河县','411300',2179),(2593,3,'130627',1688,3,'唐县','130600',1689),(2594,3,'131102',1830,3,'桃城区','131100',1831),(2595,3,'430922',3216,3,'桃江县','430900',3217),(2596,3,'230903',2624,3,'桃山区','230900',2625),(2597,3,'430725',3022,3,'桃源县','430700',3023),(2598,3,'654027',6522,3,'特克斯县','654000',6523),(2599,3,'450422',1370,3,'藤县','450400',1371),(2600,3,'530522',6546,3,'腾冲县','530500',6547),(2601,3,'341181',90,3,'天长市','341100',91),(2602,3,'451425',1174,3,'天等县','451400',1175),(2603,3,'451222',1262,3,'天峨县','451200',1263),(2604,3,'440106',840,3,'天河区','440100',841),(2605,3,'632823',4602,3,'天峻县','632800',4603),(2606,3,'429006',2856,3,'天门市','429000',2857),(2607,3,'320402',3470,3,'天宁区','320400',3471),(2608,3,'370105',4750,3,'天桥区','370100',4751),(2609,3,'511825',5982,3,'天全县','511800',5983),(2610,3,'650102',6502,3,'天山区','650100',6503),(2611,3,'331023',7004,3,'天台县','331000',7005),(2612,3,'430103',3038,3,'天心区','430100',3039),(2613,3,'430211',3294,3,'天元区','430200',3295),(2614,3,'140222',5048,3,'天镇县','140200',5049),(2615,3,'522627',1488,3,'天柱县','522600',1489),(2616,3,'620623',770,3,'天祝藏族自治县','620600',771),(2617,3,'451022',1136,3,'田东县','451000',1137),(2618,3,'340403',154,3,'田家庵区','340400',155),(2619,3,'451029',1138,3,'田林县','451000',1139),(2620,3,'451021',1140,3,'田阳县','451000',1141),(2621,3,'210302',3984,3,'铁东区','210300',3985),(2622,3,'220303',3404,3,'铁东区','220300',3405),(2623,3,'230204',2658,3,'铁锋区','230200',2659),(2624,3,'230781',2730,3,'铁力市','230700',2731),(2625,3,'211221',4206,3,'铁岭县','211200',4207),(2626,3,'450512',1154,3,'铁山港区','450500',1155),(2627,3,'420205',2808,3,'铁山区','420200',2809),(2628,3,'210106',4188,3,'铁西区','210100',4189),(2629,3,'220302',3406,3,'铁西区','220300',3407),(2630,3,'210303',3986,3,'铁西区','210300',3987),(2631,3,'320902',3686,3,'亭湖区','320900',3687),(2632,3,'421222',2928,3,'通城县','421200',2929),(2633,3,'511702',5712,3,'通川区','511700',5713),(2634,3,'431230',3120,3,'通道侗族自治县','431200',3121),(2635,3,'530423',6806,3,'通海县','530400',6807),(2636,3,'230128',2500,3,'通河县','230100',2501),(2637,3,'220521',3440,3,'通化县','220500',3441),(2638,3,'511921',5656,3,'通江县','511900',5657),(2639,3,'421224',2930,3,'通山县','421200',2931),(2640,3,'621121',588,3,'通渭县','621100',589),(2641,3,'410222',2122,3,'通许县','410200',2123),(2642,3,'220822',3312,3,'通榆县','220800',3313),(2643,3,'110112',347,2,'通州区','110000',348),(2644,3,'320683',3566,3,'通州市','320600',3567),(2645,3,'411330',2180,3,'桐柏县','411300',2181),(2646,3,'340881',16,3,'桐城市','340800',17),(2647,3,'330122',6862,3,'桐庐县','330100',6863),(2648,3,'330483',6898,3,'桐乡市','330400',6899),(2649,3,'520322',1580,3,'桐梓县','520300',1581),(2650,3,'350212',532,3,'同安区','350200',533),(2651,3,'632522',4584,3,'同德县','632500',4585),(2652,3,'230881',2584,3,'同江市','230800',2585),(2653,3,'632321',4612,3,'同仁县','632300',4613),(2654,3,'640324',4506,3,'同心县','640300',4507),(2655,3,'360926',3950,3,'铜鼓县','360900',3951),(2656,3,'340702',228,3,'铜官山区','340700',229),(2657,3,'500224',7197,2,'铜梁县','500000',7198),(2658,3,'340721',230,3,'铜陵县','340700',231),(2659,3,'522201',1552,3,'铜仁市','522200',1553),(2660,3,'320323',3660,3,'铜山县','320300',3661),(2661,3,'650106',6504,3,'头屯河区','650100',6505),(2662,3,'152224',4466,3,'突泉县','152200',4467),(2663,3,'222402',3452,3,'图们市','222400',3453),(2664,3,'659003',6460,3,'图木舒克市','659000',6461),(2665,3,'150221',4276,3,'土默特右旗','150200',4277),(2666,3,'150121',4336,3,'土默特左旗','150100',4337),(2667,3,'652101',6484,3,'吐鲁番市','652100',6485),(2668,3,'421121',2790,3,'团风县','421100',2791),(2669,3,'469026',1638,3,'屯昌县','469000',1639),(2670,3,'140424',5024,3,'屯留县','140400',5025),(2671,3,'341002',168,3,'屯溪区','341000',169),(2672,3,'150122',4338,3,'托克托县','150100',4339),(2673,3,'652123',6486,3,'托克逊县','652100',6487),(2674,3,'654224',6476,3,'托里县','654200',6477),(2675,3,'210281',4040,3,'瓦房店市','210200',4041),(2676,3,'360105',3880,3,'湾里区','360100',3881),(2677,3,'411302',2182,3,'宛城区','411300',2183),(2678,3,'360828',3814,3,'万安县','360800',3815),(2679,3,'140109',5196,3,'万柏林区','140100',5197),(2680,3,'361129',3914,3,'万年县','361100',3915),(2681,3,'469006',1640,3,'万宁市','469000',1641),(2682,3,'130729',2026,3,'万全县','130700',2027),(2683,3,'140822',5262,3,'万荣县','140800',5263),(2684,3,'522230',1554,3,'万山特区','522200',1555),(2685,3,'500110',7199,2,'万盛区','500000',7200),(2686,3,'450403',1372,3,'万秀区','450400',1373),(2687,3,'511781',5714,3,'万源市','511700',5715),(2688,3,'360922',3952,3,'万载县','360900',3953),(2689,3,'500101',7201,2,'万州区','500000',7202),(2690,3,'222424',3454,3,'汪清县','222400',3455),(2691,3,'610202',5384,3,'王益区','610200',5385),(2692,3,'510821',5800,3,'旺苍县','510800',5801),(2693,3,'430122',3040,3,'望城县','430100',3041),(2694,3,'130631',1690,3,'望都县','130600',1691),(2695,3,'210404',4076,3,'望花区','210400',4077),(2696,3,'340827',18,3,'望江县','340800',19),(2697,3,'231221',2704,3,'望奎县','231200',2705),(2698,3,'522326',1532,3,'望谟县','522300',1533),(2699,3,'522427',1424,3,'威宁彝族回族苗族自治县','522400',1425),(2700,3,'130533',1998,3,'威县','130500',1999),(2701,3,'530629',6828,3,'威信县','530600',6829),(2702,3,'511024',5936,3,'威远县','511000',5937),(2703,3,'532927',6586,3,'巍山彝族回族自治县','532900',6587),(2704,3,'370826',4770,3,'微山县','370800',4771),(2705,3,'130828',1764,3,'围场满族蒙古族自治县','130800',1765),(2706,3,'370702',4930,3,'潍城区','370700',4931),(2707,3,'533423',6612,3,'维西傈僳族自治县','533400',6613),(2708,3,'321011',3704,3,'维扬区','321000',3705),(2709,3,'610112',5436,3,'未央区','610100',5437),(2710,3,'130726',2028,3,'蔚县','130700',2029),(2711,3,'411002',2314,3,'魏都区','411000',2315),(2712,3,'130434',1806,3,'魏县','130400',1807),(2713,3,'610302',5330,3,'渭滨区','610300',5331),(2714,3,'610404',5466,3,'渭城区','610400',5467),(2715,3,'621123',590,3,'渭源县','621100',591),(2716,3,'652823',6350,3,'尉犁县','652800',6351),(2717,3,'410223',2124,3,'尉氏县','410200',2125),(2718,3,'410703',2274,3,'卫滨区','410700',2275),(2719,3,'410403',2206,3,'卫东区','410400',2207),(2720,3,'410781',2276,3,'卫辉市','410700',2277),(2721,3,'510115',5688,3,'温江区','510100',5689),(2722,3,'331081',7006,3,'温岭市','331000',7007),(2723,3,'652723',6360,3,'温泉县','652700',6361),(2724,3,'652922',6312,3,'温宿县','652900',6313),(2725,3,'410825',2098,3,'温县','410800',2099),(2726,3,'131026',1856,3,'文安县','131000',1857),(2727,3,'469005',1642,3,'文昌市','469000',1643),(2728,3,'330328',7032,3,'文成县','330300',7033),(2729,3,'371081',4904,3,'文登市','371000',4905),(2730,3,'410502',2062,3,'文峰区','410500',2063),(2731,3,'532621',6778,3,'文山县','532600',6779),(2732,3,'211003',4150,3,'文圣区','211000',4151),(2733,3,'141121',5156,3,'文水县','141100',5157),(2734,3,'621222',696,3,'文县','621200',697),(2735,3,'140823',5264,3,'闻喜县','140800',5265),(2736,3,'150426',4302,3,'翁牛特旗','150400',4303),(2737,3,'440229',1010,3,'翁源县','440200',1011),(2738,3,'522725',1520,3,'瓮安县','522700',1521),(2739,3,'341621',276,3,'涡阳县','341600',277),(2740,3,'411303',2184,3,'卧龙区','411300',2185),(2741,3,'500237',7203,2,'巫山县','500000',7204),(2742,3,'500238',7205,2,'巫溪县','500000',7206),(2743,3,'150304',4404,3,'乌达区','150300',4405),(2744,3,'520112',1442,3,'乌当区','520100',1443),(2745,3,'650205',6442,3,'乌尔禾区','650200',6443),(2746,3,'150825',4246,3,'乌拉特后旗','150800',4247),(2747,3,'150823',4248,3,'乌拉特前旗','150800',4249),(2748,3,'150824',4250,3,'乌拉特中旗','150800',4251),(2749,3,'152201',4468,3,'乌兰浩特市','152200',4469),(2750,3,'632821',4604,3,'乌兰县','632800',4605),(2751,3,'650121',6506,3,'乌鲁木齐县','650100',6507),(2752,3,'230711',2732,3,'乌马河区','230700',2733),(2753,3,'653024',6452,3,'乌恰县','653000',6453),(2754,3,'150626',4318,3,'乌审旗','150600',4319),(2755,3,'652927',6314,3,'乌什县','652900',6315),(2756,3,'654202',6478,3,'乌苏市','654200',6479),(2757,3,'230714',2734,3,'乌伊岭区','230700',2735),(2758,3,'130130',1906,3,'无极县','130100',1907),(2759,3,'341422',58,3,'无为县','341400',59),(2760,3,'371623',4660,3,'无棣县','371600',4661),(2761,3,'340221',244,3,'芜湖县','340200',245),(2762,3,'610829',5532,3,'吴堡县','610800',5533),(2763,3,'440883',1076,3,'吴川市','440800',1077),(2764,3,'320584',3586,3,'吴江市','320500',3587),(2765,3,'610626',5498,3,'吴起县','610600',5499),(2766,3,'130928',1734,3,'吴桥县','130900',1735),(2767,3,'330502',6884,3,'吴兴区','330500',6885),(2768,3,'320506',3588,3,'吴中区','320500',3589),(2769,3,'130481',1808,3,'武安市','130400',1809),(2770,3,'420106',2914,3,'武昌区','420100',2915),(2771,3,'371428',4688,3,'武城县','371400',4689),(2772,3,'150125',4340,3,'武川县','150100',4341),(2773,3,'532329',6562,3,'武定县','532300',6563),(2774,3,'621202',698,3,'武都区','621200',699),(2775,3,'430581',3168,3,'武冈市','430500',3169),(2776,3,'610431',5468,3,'武功县','610400',5469),(2777,3,'510107',5690,3,'武侯区','510100',5691),(2778,3,'440203',1012,3,'武江区','440200',1013),(2779,3,'320412',3472,3,'武进区','320400',3473),(2780,3,'430702',3024,3,'武陵区','430700',3025),(2781,3,'430811',3278,3,'武陵源区','430800',3279),(2782,3,'500232',7207,2,'武隆县','500000',7208),(2783,3,'450122',1338,3,'武鸣县','450100',1339),(2784,3,'360423',3854,3,'武宁县','360400',3855),(2785,3,'350824',396,3,'武平县','350800',397),(2786,3,'131123',1832,3,'武强县','131100',1833),(2787,3,'120114',6129,2,'武清区','120000',6130),(2788,3,'620524',756,3,'武山县','620500',757),(2789,3,'511622',5782,3,'武胜县','511600',5783),(2790,3,'140429',5026,3,'武乡县','140400',5027),(2791,3,'451323',1286,3,'武宣县','451300',1287),(2792,3,'421182',2792,3,'武穴市','421100',2793),(2793,3,'350782',422,3,'武夷山市','350700',423),(2794,3,'131122',1834,3,'武邑县','131100',1835),(2795,3,'330723',6918,3,'武义县','330700',6919),(2796,3,'410823',2100,3,'武陟县','410800',2101),(2797,3,'230184',2502,3,'五常市','230100',2503),(2798,3,'231182',2542,3,'五大连池市','231100',2543),(2799,3,'420529',2986,3,'五峰土家族自治县','420500',2987),(2800,3,'340322',42,3,'五河县','340300',43),(2801,3,'530102',6666,3,'五华区','530100',6667),(2802,3,'441424',940,3,'五华县','441400',941),(2803,3,'659004',6462,3,'五家渠市','659000',6463),(2804,3,'371121',4872,3,'五莲县','371100',4873),(2805,3,'140922',5228,3,'五台县','140900',5229),(2806,3,'511112',5824,3,'五通桥区','511100',5825),(2807,3,'230710',2736,3,'五营区','230700',2737),(2808,3,'150821',4252,3,'五原县','150800',4253),(2809,3,'140928',5230,3,'五寨县','140900',5231),(2810,3,'469001',1644,3,'五指山市','469000',1645),(2811,3,'410481',2208,3,'舞钢市','410400',2209),(2812,3,'411121',2406,3,'舞阳县','411100',2407),(2813,3,'420503',2988,3,'伍家岗区','420500',2989),(2814,3,'520326',1582,3,'务川仡佬族苗族自治县','520300',1583),(2815,3,'140724',5090,3,'昔阳县','140700',5091),(2816,3,'231005',2612,3,'西安区','231000',2613),(2817,3,'220403',3392,3,'西安区','220400',3393),(2818,3,'513401',5856,3,'西昌市','513400',5857),(2819,3,'110102',349,2,'西城区','110000',350),(2820,3,'511325',5918,3,'西充县','511300',5919),(2821,3,'532623',6780,3,'西畴县','532600',6781),(2822,3,'211223',4208,3,'西丰县','211200',4209),(2823,3,'621002',736,3,'西峰区','621000',737),(2824,3,'210203',4042,3,'西岗区','210200',4043),(2825,3,'410303',2148,3,'西工区','410300',2149),(2826,3,'620104',658,3,'西固区','620100',659),(2827,3,'621225',700,3,'西和县','621200',701),(2828,3,'360103',3882,3,'西湖区','360100',3883),(2829,3,'330106',6864,3,'西湖区','330100',6865),(2830,3,'411622',2372,3,'西华县','411600',2373),(2831,3,'640422',4482,3,'西吉县','640400',4483),(2832,3,'230705',2738,3,'西林区','230700',2739),(2833,3,'451030',1142,3,'西林县','451000',1143),(2834,3,'420502',2990,3,'西陵区','420500',2991),(2835,3,'530829',6762,3,'西盟佤族自治县','530800',6763),(2836,3,'411721',2392,3,'西平县','411700',2393),(2837,3,'120111',6131,2,'西青区','120000',6132),(2838,3,'510403',5950,3,'西区','510400',5951),(2839,3,'420203',2810,3,'西塞山区','420200',2811),(2840,3,'469037',1646,3,'西沙群岛','469000',1647),(2841,3,'530112',6668,3,'西山区','530100',6669),(2842,3,'210803',4222,3,'西市区','210800',4223),(2843,3,'152526',4448,3,'西乌珠穆沁旗','152500',4449),(2844,3,'411323',2186,3,'西峡县','411300',2187),(2845,3,'640105',4520,3,'西夏区','640100',4521),(2846,3,'450107',1340,3,'西乡塘区','450100',1341),(2847,3,'610724',5356,3,'西乡县','610700',5357),(2848,3,'520402',1404,3,'西秀区','520400',1405),(2849,3,'152502',4450,3,'锡林浩特市','152500',4451),(2850,3,'320205',3640,3,'锡山区','320200',3641),(2851,3,'520122',1444,3,'息烽县','520100',1445),(2852,3,'411528',2302,3,'息县','411500',2303),(2853,3,'210503',4004,3,'溪湖区','210500',4005),(2854,3,'520330',1584,3,'习水县','520300',1585),(2855,3,'513432',5858,3,'喜德县','513400',5859),(2856,3,'210911',4094,3,'细河区','210900',4095),(2857,3,'350921',444,3,'霞浦县','350900',445),(2858,3,'440803',1078,3,'霞山区','440800',1079),(2859,3,'360823',3816,3,'峡江县','360800',3817),(2860,3,'330103',6866,3,'下城区','330100',6867),(2861,3,'320107',3540,3,'下关区','320100',3541),(2862,3,'130706',2030,3,'下花园区','130700',2031),(2863,3,'420204',2812,3,'下陆区','420200',2813),(2864,3,'623027',608,3,'夏河县','623000',609),(2865,3,'371427',4690,3,'夏津县','371400',4691),(2866,3,'140828',5266,3,'夏县','140800',5267),(2867,3,'411426',2244,3,'夏邑县','411400',2245),(2868,3,'331024',7008,3,'仙居县','331000',7009),(2869,3,'429004',2858,3,'仙桃市','429000',2859),(2870,3,'350322',460,3,'仙游县','350300',461),(2871,3,'421202',2932,3,'咸安区','421200',2933),(2872,3,'422826',2772,3,'咸丰县','422800',2773),(2873,3,'130929',1736,3,'献县','130900',1737),(2874,3,'320507',3590,3,'相城区','320500',3591),(2875,3,'340603',138,3,'相山区','340600',139),(2876,3,'152528',4452,3,'镶黄旗','152500',4453),(2877,3,'230110',2504,3,'香坊区','230100',2505),(2878,3,'533421',6614,3,'香格里拉县','533400',6615),(2879,3,'131024',1858,3,'香河县','131000',1859),(2880,3,'440402',1114,3,'香洲区','440400',1115),(2881,3,'420602',2948,3,'襄城区','420600',2949),(2882,3,'411025',2316,3,'襄城县','411000',2317),(2883,3,'141023',5124,3,'襄汾县','141000',5125),(2884,3,'420607',2950,3,'襄阳区','420600',2951),(2885,3,'140423',5028,3,'襄垣县','140400',5029),(2886,3,'360313',3898,3,'湘东区','360300',3899),(2887,3,'445102',798,3,'湘桥区','445100',799),(2888,3,'430321',3180,3,'湘潭县','430300',3181),(2889,3,'430381',3182,3,'湘乡市','430300',3183),(2890,3,'430624',3260,3,'湘阴县','430600',3261),(2891,3,'513336',5764,3,'乡城县','513300',5765),(2892,3,'141029',5126,3,'乡宁县','141000',5127),(2893,3,'350213',534,3,'翔安区','350200',535),(2894,3,'532923',6588,3,'祥云县','532900',6589),(2895,3,'320921',3688,3,'响水县','320900',3689),(2896,3,'411681',2374,3,'项城市','411600',2375),(2897,3,'230803',2586,3,'向阳区','230800',2587),(2898,3,'230402',2524,3,'向阳区','230400',2525),(2899,3,'450304',1212,3,'象山区','450300',1213),(2900,3,'330225',6966,3,'象山县','330200',6967),(2901,3,'451322',1288,3,'象州县','451300',1289),(2902,3,'330109',6868,3,'萧山区','330100',6869),(2903,3,'341322',214,3,'萧县','341300',215),(2904,3,'140105',5198,3,'小店区','140100',5199),(2905,3,'520114',1446,3,'小河区','520100',1447),(2906,3,'513227',5642,3,'小金县','513200',5643),(2907,3,'420921',2966,3,'孝昌县','420900',2967),(2908,3,'420902',2968,3,'孝南区','420900',2969),(2909,3,'141181',5158,3,'孝义市','141100',5159),(2910,3,'340404',156,3,'谢家集区','340400',157),(2911,3,'542328',6264,3,'谢通门县','542300',6265),(2912,3,'130181',1908,3,'辛集市','130100',1909),(2913,3,'410323',2150,3,'新安县','410300',2151),(2914,3,'150727',4368,3,'新巴尔虎右旗','150700',4369),(2915,3,'150726',4370,3,'新巴尔虎左旗','150700',4371),(2916,3,'320411',3474,3,'新北区','320400',3475),(2917,3,'210422',4078,3,'新宾满族自治县','210400',4079),(2918,3,'411729',2394,3,'新蔡县','411700',2395),(2919,3,'330624',6982,3,'新昌县','330600',6983),(2920,3,'150102',4342,3,'新城区','150100',4343),(2921,3,'610102',5438,3,'新城区','610100',5439),(2922,3,'510114',5692,3,'新都区','510100',5693),(2923,3,'440233',1014,3,'新丰县','440200',1015),(2924,3,'210402',4080,3,'新抚区','210400',4081),(2925,3,'360824',3818,3,'新干县','360800',3819),(2926,3,'652925',6316,3,'新和县','652900',6317),(2927,3,'130530',2000,3,'新河县','130500',2001),(2928,3,'130902',1738,3,'新华区','130900',1739),(2929,3,'130105',1910,3,'新华区','130100',1911),(2930,3,'410402',2210,3,'新华区','410400',2211),(2931,3,'431322',3144,3,'新化县','431300',3145),(2932,3,'431227',3122,3,'新晃侗族自治县','431200',3123),(2933,3,'440705',892,3,'新会区','440700',893),(2934,3,'360122',3884,3,'新建县','360100',3885),(2935,3,'510132',5694,3,'新津县','510100',5695),(2936,3,'130184',1912,3,'新乐市','130100',1913),(2937,3,'232703',2468,3,'新林区','232700',2469),(2938,3,'513329',5766,3,'新龙县','513300',5767),(2939,3,'350802',398,3,'新罗区','350800',399),(2940,3,'410183',2342,3,'新密市','410100',2343),(2941,3,'210181',4190,3,'新民市','210100',4191),(2942,3,'430528',3170,3,'新宁县','430500',3171),(2943,3,'530427',6808,3,'新平彝族傣族自治县','530400',6809),(2944,3,'320705',3516,3,'新浦区','320700',3517),(2945,3,'230707',2740,3,'新青区','230700',2741),(2946,3,'210903',4096,3,'新邱区','210900',4097),(2947,3,'140212',5050,3,'新荣区','140200',5051),(2948,3,'430522',3172,3,'新邵县','430500',3173),(2949,3,'650104',6508,3,'新市区','650100',6509),(2950,3,'130602',1692,3,'新市区','130600',1693),(2951,3,'370982',4890,3,'新泰市','370900',4891),(2952,3,'431128',3246,3,'新田县','431100',3247),(2953,3,'411523',2304,3,'新县','411500',2305),(2954,3,'410721',2278,3,'新乡县','410700',2279),(2955,3,'230902',2626,3,'新兴区','230900',2627),(2956,3,'445321',1052,3,'新兴县','445300',1053),(2957,3,'411329',2188,3,'新野县','411300',2189),(2958,3,'320381',3662,3,'新沂市','320300',3663),(2959,3,'654025',6524,3,'新源县','654000',6525),(2960,3,'410184',2344,3,'新郑市','410100',2345),(2961,3,'420117',2916,3,'新洲区','420100',2917),(2962,3,'140825',5268,3,'新绛县','140800',5269),(2963,3,'451321',1290,3,'忻城县','451300',1291),(2964,3,'140902',5232,3,'忻府区','140900',5233),(2965,3,'360722',3784,3,'信丰县','360700',3785),(2966,3,'440983',922,3,'信宜市','440900',923),(2967,3,'361102',3916,3,'信州区','361100',3917),(2968,3,'360427',3856,3,'星子县','360400',3857),(2969,3,'230405',2526,3,'兴安区','230400',2527),(2970,3,'450325',1214,3,'兴安县','450300',1215),(2971,3,'451302',1292,3,'兴宾区','451300',1293),(2972,3,'211481',4114,3,'兴城市','211400',4115),(2973,3,'360732',3786,3,'兴国县','360700',3787),(2974,3,'632524',4586,3,'兴海县','632500',4587),(2975,3,'150924',4428,3,'兴和县','150900',4429),(2976,3,'321281',3622,3,'兴化市','321200',3623),(2977,3,'211103',4162,3,'兴隆台区','211100',4163),(2978,3,'130822',1766,3,'兴隆县','130800',1767),(2979,3,'450102',1342,3,'兴宁区','450100',1343),(2980,3,'441481',942,3,'兴宁市','441400',943),(2981,3,'610481',5470,3,'兴平市','610400',5471),(2982,3,'640104',4522,3,'兴庆区','640100',4523),(2983,3,'522322',1534,3,'兴仁县','522300',1535),(2984,3,'230407',2528,3,'兴山区','230400',2529),(2985,3,'420526',2992,3,'兴山县','420500',2993),(2986,3,'511528',6004,3,'兴文县','511500',6005),(2987,3,'141123',5160,3,'兴县','141100',5161),(2988,3,'450924',1388,3,'兴业县','450900',1389),(2989,3,'522301',1536,3,'兴义市','522300',1537),(2990,3,'130521',2002,3,'邢台县','130500',2003),(2991,3,'130125',1914,3,'行唐县','130100',1915),(2992,3,'140107',5200,3,'杏花岭区','140100',5201),(2993,3,'130638',1694,3,'雄县','130600',1695),(2994,3,'341022',170,3,'休宁县','341000',171),(2995,3,'360424',3858,3,'修水县','360400',3859),(2996,3,'520123',1448,3,'修文县','520100',1449),(2997,3,'410821',2102,3,'修武县','410800',2103),(2998,3,'330402',6900,3,'秀城区','330400',6901),(2999,3,'450302',1216,3,'秀峰区','450300',1217),(3000,3,'500241',7209,2,'秀山土家族苗族自治县','500000',7210),(3001,3,'460105',1606,3,'秀英区','460100',1607),(3002,3,'350305',462,3,'秀屿区','350300',463),(3003,3,'330411',6902,3,'秀洲区','330400',6903),(3004,3,'310104',5609,2,'徐汇区','310000',5610),(3005,3,'130625',1696,3,'徐水县','130600',1697),(3006,3,'440825',1080,3,'徐闻县','440800',1081),(3007,3,'411023',2318,3,'许昌县','411000',2319),(3008,3,'510524',6054,3,'叙永县','510500',6055),(3009,3,'422825',2774,3,'宣恩县','422800',2775),(3010,3,'511722',5716,3,'宣汉县','511700',5717),(3011,3,'130705',2032,3,'宣化区','130700',2033),(3012,3,'130721',2034,3,'宣化县','130700',2035),(3013,3,'530381',6736,3,'宣威市','530300',6737),(3014,3,'110104',351,2,'宣武区','110000',352),(3015,3,'341802',262,3,'宣州区','341800',263),(3016,3,'320102',3542,3,'玄武区','320100',3543),(3017,3,'370403',4972,3,'薛城区','370400',4973),(3018,3,'632128',4574,3,'循化撒拉族自治县','632100',4575),(3019,3,'610928',5300,3,'旬阳县','610900',5301),(3020,3,'610429',5472,3,'旬邑县','610400',5473),(3021,3,'530129',6670,3,'寻甸回族彝族自治县','530100',6671),(3022,3,'360734',3788,3,'寻乌县','360700',3789),(3023,3,'231123',2544,3,'逊克县','231100',2545),(3024,3,'150782',4372,3,'牙克石市','150700',4373),(3025,3,'513325',5768,3,'雅江县','513300',5769),(3026,3,'542334',6266,3,'亚东县','542300',6267),(3027,3,'652826',6352,3,'焉耆回族自治县','652800',6353),(3028,3,'510422',5952,3,'盐边县','510400',5953),(3029,3,'640323',4508,3,'盐池县','640300',4509),(3030,3,'320903',3690,3,'盐都区','320900',3691),(3031,3,'140802',5270,3,'盐湖区','140800',5271),(3032,3,'530623',6830,3,'盐津县','530600',6831),(3033,3,'130925',1740,3,'盐山县','130900',1741),(3034,3,'440308',1032,3,'盐田区','440300',1033),(3035,3,'510723',5898,3,'盐亭县','510700',5899),(3036,3,'513423',5860,3,'盐源县','513400',5861),(3037,3,'610621',5500,3,'延长县','610600',5501),(3038,3,'610622',5502,3,'延川县','610600',5503),(3039,3,'222401',3456,3,'延吉市','222400',3457),(3040,3,'410726',2280,3,'延津县','410700',2281),(3041,3,'350702',424,3,'延平区','350700',425),(3042,3,'110229',353,2,'延庆县','110000',354),(3043,3,'230129',2506,3,'延寿县','230100',2507),(3044,3,'610114',5440,3,'阎良区','610100',5441),(3045,3,'430225',3296,3,'炎陵县','430200',3297),(3046,3,'522228',1556,3,'沿河土家族自治县','522200',1557),(3047,3,'510311',6036,3,'沿滩区','510300',6037),(3048,3,'532622',6782,3,'砚山县','532600',6783),(3049,3,'430406',3096,3,'雁峰区','430400',3097),(3050,3,'512002',6022,3,'雁江区','512000',6023),(3051,3,'450311',1218,3,'雁山区','450300',1219),(3052,3,'610113',5442,3,'雁塔区','610100',5443),(3053,3,'610403',5474,3,'杨凌区','610400',5475),(3054,3,'310110',5611,2,'杨浦区','310000',5612),(3055,3,'321182',3724,3,'扬中市','321100',3725),(3056,3,'610723',5358,3,'洋县','610700',5359),(3057,3,'140522',5068,3,'阳城县','140500',5069),(3058,3,'441781',1040,3,'阳春市','441700',1041),(3059,3,'441723',1042,3,'阳东县','441700',1043),(3060,3,'140221',5052,3,'阳高县','140200',5053),(3061,3,'371521',4804,3,'阳谷县','371500',4805),(3062,3,'231003',2614,3,'阳明区','231000',2615),(3063,3,'140122',5202,3,'阳曲县','140100',5203),(3064,3,'441823',960,3,'阳山县','441800',961),(3065,3,'450321',1220,3,'阳朔县','450300',1221),(3066,3,'441721',1044,3,'阳西县','441700',1045),(3067,3,'420222',2814,3,'阳新县','420200',2815),(3068,3,'371622',4662,3,'阳信县','371600',4663),(3069,3,'130727',2036,3,'阳原县','130700',2037),(3070,3,'532922',6590,3,'漾濞彝族自治县','532900',6591),(3071,3,'340102',128,3,'瑶海区','340100',129),(3072,3,'141002',5128,3,'尧都区','141000',5129),(3073,3,'532325',6564,3,'姚安县','532300',6565),(3074,3,'610204',5386,3,'耀州区','610200',5387),(3075,3,'653126',6422,3,'叶城县','653100',6423),(3076,3,'410422',2212,3,'叶县','410400',2213),(3077,3,'230223',2660,3,'依安县','230200',2661),(3078,3,'230123',2508,3,'依兰县','230100',2509),(3079,3,'410329',2152,3,'伊川县','410300',2153),(3080,3,'230702',2742,3,'伊春区','230700',2743),(3081,3,'150627',4320,3,'伊金霍洛旗','150600',4321),(3082,3,'654002',6526,3,'伊宁市','654000',6527),(3083,3,'654021',6528,3,'伊宁县','654000',6529),(3084,3,'220323',3408,3,'伊通满族自治县','220300',3409),(3085,3,'652223',6386,3,'伊吾县','652200',6387),(3086,3,'420506',2994,3,'夷陵区','420500',2995),(3087,3,'511324',5920,3,'仪陇县','511300',5921),(3088,3,'321081',3706,3,'仪征市','321000',3707),(3089,3,'371321',4830,3,'沂南县','371300',4831),(3090,3,'371323',4832,3,'沂水县','371300',4833),(3091,3,'370323',4990,3,'沂源县','370300',4991),(3092,3,'511521',6006,3,'宜宾县','511500',6007),(3093,3,'420684',2952,3,'宜城市','420600',2953),(3094,3,'610630',5504,3,'宜川县','610600',5505),(3095,3,'420581',2996,3,'宜都市','420500',2997),(3096,3,'360924',3954,3,'宜丰县','360900',3955),(3097,3,'361026',3750,3,'宜黄县','361000',3751),(3098,3,'610222',5388,3,'宜君县','610200',5389),(3099,3,'530125',6672,3,'宜良县','530100',6673),(3100,3,'320282',3642,3,'宜兴市','320200',3643),(3101,3,'340811',20,3,'宜秀区','340800',21),(3102,3,'410327',2154,3,'宜阳县','410300',2155),(3103,3,'431022',3070,3,'宜章县','431000',3071),(3104,3,'451281',1264,3,'宜州市','451200',1265),(3105,3,'530628',6832,3,'彝良县','530600',6833),(3106,3,'530425',6810,3,'易门县','530400',6811),(3107,3,'130633',1698,3,'易县','130600',1699),(3108,3,'411281',2230,3,'义马市','411200',2231),(3109,3,'330782',6920,3,'义乌市','330700',6921),(3110,3,'210727',4132,3,'义县','210700',4133),(3111,3,'141022',5130,3,'翼城县','141000',5131),(3112,3,'410505',2064,3,'殷都区','410500',2065),(3113,3,'450503',1156,3,'银海区','450500',1157),(3114,3,'211202',4210,3,'银州区','211200',4211),(3115,3,'522226',1558,3,'印江土家族苗族自治县','522200',1559),(3116,3,'610203',5390,3,'印台区','610200',5391),(3117,3,'441881',962,3,'英德市','441800',963),(3118,3,'653123',6424,3,'英吉沙县','653100',6425),(3119,3,'421124',2794,3,'英山县','421100',2795),(3120,3,'130804',1768,3,'鹰手营子矿区','130800',1769),(3121,3,'420981',2970,3,'应城市','420900',2971),(3122,3,'140622',5178,3,'应县','140600',5179),(3123,3,'511322',5922,3,'营山县','511300',5923),(3124,3,'340802',22,3,'迎江区','340800',23),(3125,3,'140106',5204,3,'迎泽区','140100',5205),(3126,3,'533123',6606,3,'盈江县','533100',6607),(3127,3,'350481',516,3,'永安市','350400',517),(3128,3,'620321',624,3,'永昌县','620300',625),(3129,3,'411481',2246,3,'永城市','411400',2247),(3130,3,'500118',7211,2,'永川区','500000',7212),(3131,3,'350525',490,3,'永春县','350500',491),(3132,3,'530923',6704,3,'永德县','530900',6705),(3133,3,'620121',660,3,'永登县','620100',661),(3134,3,'430802',3280,3,'永定区','430800',3281),(3135,3,'350822',400,3,'永定县','350800',401),(3136,3,'360825',3820,3,'永丰县','360800',3821),(3137,3,'450326',1222,3,'永福县','450300',1223),(3138,3,'141032',5132,3,'永和县','141000',5133),(3139,3,'220221',3376,3,'永吉县','220200',3377),(3140,3,'140881',5272,3,'永济市','140800',5273),(3141,3,'330324',7034,3,'永嘉县','330300',7035),(3142,3,'622923',680,3,'永靖县','622900',681),(3143,3,'330784',6922,3,'永康市','330700',6923),(3144,3,'130429',1810,3,'永年县','130400',1811),(3145,3,'640121',4524,3,'永宁县','640100',4525),(3146,3,'532928',6592,3,'永平县','532900',6593),(3147,3,'131023',1860,3,'永清县','131000',1861),(3148,3,'532327',6566,3,'永仁县','532300',6567),(3149,3,'530625',6834,3,'永善县','530600',6835),(3150,3,'530722',6686,3,'永胜县','530700',6687),(3151,3,'610426',5476,3,'永寿县','610400',5477),(3152,3,'433127',3202,3,'永顺县','433100',3203),(3153,3,'350125',384,3,'永泰县','350100',385),(3154,3,'360830',3822,3,'永新县','360800',3823),(3155,3,'431023',3072,3,'永兴县','431000',3073),(3156,3,'360425',3860,3,'永修县','360400',3861),(3157,3,'350426',518,3,'尤溪县','350400',519),(3158,3,'510704',5900,3,'游仙区','510700',5901),(3159,3,'500242',7213,2,'酉阳土家族苗族自治县','500000',7214),(3160,3,'230704',2744,3,'友好区','230700',2745),(3161,3,'230522',2682,3,'友谊县','230500',2683),(3162,3,'451002',1144,3,'右江区','451000',1145),(3163,3,'140623',5180,3,'右玉县','140600',5181),(3164,3,'360731',3790,3,'于都县','360700',3791),(3165,3,'210114',4192,3,'于洪区','210100',4193),(3166,3,'653226',6404,3,'于田县','653200',6405),(3167,3,'140322',5250,3,'盂县','140300',5251),(3168,3,'140702',5092,3,'榆次区','140700',5093),(3169,3,'140721',5094,3,'榆社县','140700',5095),(3170,3,'220182',3358,3,'榆树市','220100',3359),(3171,3,'610802',5534,3,'榆阳区','610800',5535),(3172,3,'620123',662,3,'榆中县','620100',663),(3173,3,'411425',2248,3,'虞城县','411400',2249),(3174,3,'361127',3918,3,'余干县','361100',3919),(3175,3,'330110',6870,3,'余杭区','330100',6871),(3176,3,'360622',3966,3,'余江县','360600',3967),(3177,3,'520329',1586,3,'余庆县','520300',1587),(3178,3,'330281',6968,3,'余姚市','330200',6969),(3179,3,'450203',1316,3,'鱼峰区','450200',1317),(3180,3,'370827',4772,3,'鱼台县','370800',4773),(3181,3,'500112',7215,2,'渝北区','500000',7216),(3182,3,'360502',3934,3,'渝水区','360500',3935),(3183,3,'500103',7217,2,'渝中区','500000',7218),(3184,3,'511802',5984,3,'雨城区','511800',5985),(3185,3,'430302',3184,3,'雨湖区','430300',3185),(3186,3,'430111',3042,3,'雨花区','430100',3043),(3187,3,'320114',3544,3,'雨花台区','320100',3545),(3188,3,'340504',204,3,'雨山区','340500',205),(3189,3,'371482',4692,3,'禹城市','371400',4693),(3190,3,'340304',44,3,'禹会区','340300',45),(3191,3,'410205',2126,3,'禹王台区','410200',2127),(3192,3,'411081',2320,3,'禹州市','411000',2321),(3193,3,'331021',7010,3,'玉环县','331000',7011),(3194,3,'530721',6688,3,'玉龙纳西族自治县','530700',6689),(3195,3,'620981',642,3,'玉门市','620900',643),(3196,3,'522223',1560,3,'玉屏侗族自治县','522200',1561),(3197,3,'150104',4344,3,'玉泉区','150100',4345),(3198,3,'361123',3920,3,'玉山县','361100',3921),(3199,3,'632721',4642,3,'玉树县','632700',4643),(3200,3,'130229',1958,3,'玉田县','130200',1959),(3201,3,'450902',1390,3,'玉州区','450900',1391),(3202,3,'445322',1054,3,'郁南县','445300',1055),(3203,3,'341503',192,3,'裕安区','341500',193),(3204,3,'130108',1916,3,'裕华区','130100',1917),(3205,3,'654225',6480,3,'裕民县','654200',6481),(3206,3,'510811',5802,3,'元坝区','510800',5803),(3207,3,'210602',4058,3,'元宝区','210600',4059),(3208,3,'150403',4304,3,'元宝山区','150400',4305),(3209,3,'530428',6812,3,'元江哈尼族彝族傣族自治县','530400',6813),(3210,3,'532328',6568,3,'元谋县','532300',6569),(3211,3,'130132',1918,3,'元氏县','130100',1919),(3212,3,'532528',6640,3,'元阳县','532500',6641),(3213,3,'140827',5274,3,'垣曲县','140800',5275),(3214,3,'360902',3956,3,'袁州区','360900',3957),(3215,3,'140981',5234,3,'原平市','140900',5235),(3216,3,'410725',2282,3,'原阳县','410700',2283),(3217,3,'640402',4484,3,'原州区','640400',4485),(3218,3,'441602',858,3,'源城区','441600',859),(3219,3,'411102',2408,3,'源汇区','411100',2409),(3220,3,'420525',2998,3,'远安县','420500',2999),(3221,3,'330602',6984,3,'越城区','330600',6985),(3222,3,'513434',5862,3,'越西县','513400',5863),(3223,3,'440104',842,3,'越秀区','440100',843),(3224,3,'511621',5784,3,'岳池县','511600',5785),(3225,3,'430104',3044,3,'岳麓区','430100',3045),(3226,3,'653128',6426,3,'岳普湖县','653100',6427),(3227,3,'430304',3186,3,'岳塘区','430300',3187),(3228,3,'340828',24,3,'岳西县','340800',25),(3229,3,'430602',3262,3,'岳阳楼区','430600',3263),(3230,3,'430621',3264,3,'岳阳县','430600',3265),(3231,3,'360602',3968,3,'月湖区','360600',3969),(3232,3,'445323',1056,3,'云安县','445300',1057),(3233,3,'445302',1058,3,'云城区','445300',1059),(3234,3,'331125',6944,3,'云和县','331100',6945),(3235,3,'320303',3664,3,'云龙区','320300',3665),(3236,3,'532929',6594,3,'云龙县','532900',6595),(3237,3,'420923',2972,3,'云梦县','420900',2973),(3238,3,'430603',3266,3,'云溪区','430600',3267),(3239,3,'530922',6706,3,'云县','530900',6707),(3240,3,'350622',554,3,'云霄县','350600',555),(3241,3,'520103',1450,3,'云岩区','520100',1451),(3242,3,'500235',7219,2,'云阳县','500000',7220),(3243,3,'420322',2870,3,'郧西县','420300',2871),(3244,3,'420321',2872,3,'郧县','420300',2873),(3245,3,'130903',1742,3,'运河区','130900',1743),(3246,3,'632722',4644,3,'杂多县','632700',4645),(3247,3,'130129',1920,3,'赞皇县','130100',1921),(3248,3,'131121',1836,3,'枣强县','131100',1837),(3249,3,'420683',2954,3,'枣阳市','420600',2955),(3250,3,'632323',4614,3,'泽库县','632300',4615),(3251,3,'653124',6428,3,'泽普县','653100',6429),(3252,3,'140525',5070,3,'泽州县','140500',5071),(3253,3,'440183',844,3,'增城市','440100',845),(3254,3,'421302',2886,3,'曾都区','421300',2887),(3255,3,'150783',4374,3,'扎兰屯市','150700',4375),(3256,3,'150526',4394,3,'扎鲁特旗','150500',4395),(3257,3,'542222',6294,3,'扎囊县','542200',6295),(3258,3,'152223',4470,3,'扎赉特旗','152200',4471),(3259,3,'542522',6148,3,'札达县','542500',6149),(3260,3,'310108',5613,2,'闸北区','310000',5614),(3261,3,'371624',4664,3,'沾化县','371600',4665),(3262,3,'530328',6738,3,'沾益县','530300',6739),(3263,3,'210802',4224,3,'站前区','210800',4225),(3264,3,'410411',2214,3,'湛河区','410400',2215),(3265,3,'360982',3958,3,'樟树市','360900',3959),(3266,3,'360702',3792,3,'章贡区','360700',3793),(3267,3,'370181',4752,3,'章丘市','370100',4753),(3268,3,'210922',4098,3,'彰武县','210900',4099),(3269,3,'350881',402,3,'漳平市','350800',403),(3270,3,'350623',556,3,'漳浦县','350600',557),(3271,3,'621125',592,3,'漳县','621100',593),(3272,3,'130722',2038,3,'张北县','130700',2039),(3273,3,'370303',4992,3,'张店区','370300',4993),(3274,3,'620525',758,3,'张家川回族自治县','620500',759),(3275,3,'320582',3592,3,'张家港市','320500',3593),(3276,3,'420303',2874,3,'张湾区','420300',2875),(3277,3,'370685',4958,3,'招远市','370600',4959),(3278,3,'513431',5864,3,'昭觉县','513400',5865),(3279,3,'451121',1274,3,'昭平县','451100',1275),(3280,3,'654026',6530,3,'昭苏县','654000',6531),(3281,3,'530602',6836,3,'昭阳区','530600',6837),(3282,3,'130133',1922,3,'赵县','130100',1923),(3283,3,'231282',2706,3,'肇东市','231200',2707),(3284,3,'230622',2450,3,'肇源县','230600',2451),(3285,3,'230621',2452,3,'肇州县','230600',2453),(3286,3,'411104',2410,3,'召陵区','411100',2411),(3287,3,'522325',1538,3,'贞丰县','522300',1539),(3288,3,'210604',4060,3,'振安区','210600',4061),(3289,3,'210603',4062,3,'振兴区','210600',4063),(3290,3,'611025',5376,3,'镇安县','611000',5377),(3291,3,'610728',5360,3,'镇巴县','610700',5361),(3292,3,'330211',6970,3,'镇海区','330200',6971),(3293,3,'530924',6708,3,'镇康县','530900',6709),(3294,3,'520423',1406,3,'镇宁布依族苗族自治县','520400',1407),(3295,3,'610927',5302,3,'镇坪县','610900',5303),(3296,3,'411324',2190,3,'镇平县','411300',2191),(3297,3,'530627',6838,3,'镇雄县','530600',6839),(3298,3,'621027',738,3,'镇原县','621000',739),(3299,3,'522625',1490,3,'镇远县','522600',1491),(3300,3,'530825',6764,3,'镇沅彝族哈尼族拉祜族自治县','530800',6765),(3301,3,'220821',3314,3,'镇赉县','220800',3315),(3302,3,'430408',3098,3,'蒸湘区','430400',3099),(3303,3,'520324',1588,3,'正安县','520300',1589),(3304,3,'130123',1924,3,'正定县','130100',1925),(3305,3,'152530',4454,3,'正蓝旗','152500',4455),(3306,3,'621025',740,3,'正宁县','621000',741),(3307,3,'152529',4456,3,'正镶白旗','152500',4457),(3308,3,'411724',2396,3,'正阳县','411700',2397),(3309,3,'350725',426,3,'政和县','350700',427),(3310,3,'370602',4960,3,'芝罘区','370600',4961),(3311,3,'420583',3000,3,'枝江市','420500',3001),(3312,3,'522425',1426,3,'织金县','522400',1427),(3313,3,'610625',5506,3,'志丹县','610600',5507),(3314,3,'632724',4646,3,'治多县','632700',4647),(3315,3,'431221',3124,3,'中方县','431200',3125),(3316,3,'510623',5730,3,'中江县','510600',5731),(3317,3,'410122',2346,3,'中牟县','410100',2347),(3318,3,'640521',4534,3,'中宁县','640500',4535),(3319,3,'469039',1648,3,'中沙群岛的岛礁及其海域','469000',1649),(3320,3,'210202',4044,3,'中山区','210200',4045),(3321,3,'442001',1104,3,'中山市市辖区','442000',1105),(3322,3,'141129',5162,3,'中阳县','141100',5163),(3323,3,'410102',2348,3,'中原区','410100',2349),(3324,3,'410803',2104,3,'中站区','410800',2105),(3325,3,'500233',7221,2,'忠县','500000',7222),(3326,3,'320404',3476,3,'钟楼区','320400',3477),(3327,3,'520201',1460,3,'钟山区','520200',1461),(3328,3,'451122',1276,3,'钟山县','451100',1277),(3329,3,'420881',2828,3,'钟祥市','420800',2829),(3330,3,'542333',6268,3,'仲巴县','542300',6269),(3331,3,'623023',610,3,'舟曲县','623000',611),(3332,3,'370306',4994,3,'周村区','370300',4995),(3333,3,'350925',446,3,'周宁县','350900',447),(3334,3,'610124',5444,3,'周至县','610100',5445),(3335,3,'360203',3834,3,'珠山区','360200',3835),(3336,3,'430405',3100,3,'珠晖区','430400',3101),(3337,3,'430221',3298,3,'株洲县','430200',3299),(3338,3,'370782',4932,3,'诸城市','370700',4933),(3339,3,'330681',6986,3,'诸暨市','330600',6987),(3340,3,'420323',2876,3,'竹山县','420300',2877),(3341,3,'420324',2878,3,'竹溪县','420300',2879),(3342,3,'210283',4046,3,'庄河市','210200',4047),(3343,3,'620825',716,3,'庄浪县','620800',717),(3344,3,'150622',4322,3,'准格尔旗','150600',4323),(3345,3,'623022',612,3,'卓尼县','623000',613),(3346,3,'150921',4430,3,'卓资县','150900',4431),(3347,3,'361028',3752,3,'资溪县','361000',3753),(3348,3,'431081',3074,3,'资兴市','431000',3075),(3349,3,'430902',3218,3,'资阳区','430900',3219),(3350,3,'450329',1224,3,'资源县','450300',1225),(3351,3,'511025',5938,3,'资中县','511000',5939),(3352,3,'370302',4996,3,'淄川区','370300',4997),(3353,3,'441621',860,3,'紫金县','441600',861),(3354,3,'610924',5304,3,'紫阳县','610900',5305),(3355,3,'520425',1408,3,'紫云苗族布依族自治县','520400',1409),(3356,3,'610623',5508,3,'子长县','610600',5509),(3357,3,'610831',5536,3,'子洲县','610800',5537),(3358,3,'510302',6038,3,'自流井区','510300',6039),(3359,3,'370883',4774,3,'邹城市','370800',4775),(3360,3,'371626',4666,3,'邹平县','371600',4667),(3361,3,'130281',1960,3,'遵化市','130200',1961),(3362,3,'520321',1590,3,'遵义县','520300',1591),(3363,3,'542128',6172,3,'左贡县','542100',6173),(3364,3,'140722',5096,3,'左权县','140700',5097),(3365,3,'140226',5054,3,'左云县','140200',5055),(3366,3,'611026',5378,3,'柞水县','611000',5379),(3367,3,'430223',3300,3,'攸县','430200',3301),(3368,3,'653129',6430,3,'伽师县','653100',6431),(3369,3,'410381',2156,3,'偃师市','410300',2157),(3370,3,'469003',1650,3,'儋州市','469000',1651),(3371,3,'370882',4776,3,'兖州市','370800',4777),(3372,3,'230281',2662,3,'讷河市','230200',2663),(3373,3,'350624',558,3,'诏安县','350600',559),(3374,3,'341602',278,3,'谯城区','341600',279),(3375,3,'141031',5134,3,'隰县','141000',5135),(3376,3,'321003',3708,3,'邗江区','321000',3709),(3377,3,'510183',5696,3,'邛崃市','510100',5697),(3378,3,'320382',3666,3,'邳州市','320300',3667),(3379,3,'410425',2216,3,'郏县','410400',2217),(3380,3,'371725',4726,3,'郓城县','371700',4727),(3381,3,'510124',5698,3,'郫县','510100',5699),(3382,3,'371322',4834,3,'郯城县','371300',4835),(3383,3,'411103',2412,3,'郾城区','411100',2413),(3384,3,'371726',4728,3,'鄄城县','371700',4729),(3385,3,'411024',2322,3,'鄢陵县','411000',2323),(3386,3,'330212',6972,3,'鄞州区','330200',6973),(3387,3,'361128',3922,3,'鄱阳县','361100',3923),(3388,3,'652122',6488,3,'鄯善县','652100',6489),(3389,3,'532822',6788,3,'勐海县','532800',6789),(3390,3,'532823',6790,3,'勐腊县','532800',6791),(3391,3,'350602',560,3,'芗城区','350600',561),(3392,3,'430102',3046,3,'芙蓉区','430100',3047),(3393,3,'431228',3126,3,'芷江侗族自治县','431200',3127),(3394,3,'140830',5276,3,'芮城县','140800',5277),(3395,3,'371523',4806,3,'茌平县','371500',4807),(3396,3,'371327',4836,3,'莒南县','371300',4837),(3397,3,'371122',4874,3,'莒县','371100',4875),(3398,3,'511822',5986,3,'荥经县','511800',5987),(3399,3,'410182',2350,3,'荥阳市','410100',2351),(3400,3,'371522',4808,3,'莘县','371500',4809),(3401,3,'421126',2796,3,'蕲春县','421100',2797),(3402,3,'130182',1926,3,'藁城市','130100',1927),(3403,3,'340203',246,3,'弋江区','340200',247),(3404,3,'361126',3924,3,'弋阳县','361100',3925),(3405,3,'610323',5332,3,'岐山县','610300',5333),(3406,3,'522626',1492,3,'岑巩县','522600',1493),(3407,3,'450481',1374,3,'岑溪市','450400',1375),(3408,3,'610925',5306,3,'岚皋县','610900',5307),(3409,3,'371103',4876,3,'岚山区','371100',4877),(3410,3,'141127',5164,3,'岚县','141100',5165),(3411,3,'140929',5236,3,'岢岚县','140900',5237),(3412,3,'210323',3988,3,'岫岩满族自治县','210300',3989),(3413,3,'330921',7046,3,'岱山县','330900',7047),(3414,3,'370903',4892,3,'岱岳区','370900',4893),(3415,3,'621126',594,3,'岷县','621100',595),(3416,3,'370404',4974,3,'峄城区','370400',4975),(3417,3,'370212',4864,3,'崂山区','370200',4865),(3418,3,'620802',718,3,'崆峒区','620800',719),(3419,3,'330683',6988,3,'嵊州市','330600',6989),(3420,3,'330922',7048,3,'嵊泗县','330900',7049),(3421,3,'530127',6674,3,'嵩明县','530100',6675),(3422,3,'410325',2158,3,'嵩县','410300',2159),(3423,3,'330803',7064,3,'衢江区','330800',7065),(3424,3,'410304',2160,3,'廛河回族区','410300',2161),(3425,3,'310112',5615,2,'闵行区','310000',5616),(3426,3,'511381',5924,3,'阆中市','511300',5925),(3427,3,'430981',3220,3,'沅江市','430900',3221),(3428,3,'431222',3128,3,'沅陵县','431200',3129),(3429,3,'511129',5826,3,'沐川县','511100',5827),(3430,3,'430681',3268,3,'汨罗市','430600',3269),(3431,3,'513221',5644,3,'汶川县','513200',5645),(3432,3,'370830',4778,3,'汶上县','370800',4779),(3433,3,'321322',3602,3,'沭阳县','321300',3603),(3434,3,'513322',5770,3,'泸定县','513300',5771),(3435,3,'533321',6718,3,'泸水县','533300',6719),(3436,3,'532527',6642,3,'泸西县','532500',6643),(3437,3,'433122',3204,3,'泸溪县','433100',3205),(3438,3,'510521',6056,3,'泸县','510500',6057),(3439,3,'321324',3604,3,'泗洪县','321300',3605),(3440,3,'370831',4780,3,'泗水县','370800',4781),(3441,3,'341324',216,3,'泗县','341300',217),(3442,3,'321323',3606,3,'泗阳县','321300',3607),(3443,3,'620821',720,3,'泾川县','620800',721),(3444,3,'341823',264,3,'泾县','341800',265),(3445,3,'610423',5478,3,'泾阳县','610400',5479),(3446,3,'640424',4486,3,'泾源县','640400',4487),(3447,3,'440204',1016,3,'浈江区','440200',1017),(3448,3,'220802',3316,3,'洮北区','220800',3317),(3449,3,'220881',3318,3,'洮南市','220800',3319),(3450,3,'430181',3048,3,'浏阳市','430100',3049),(3451,3,'360403',3862,3,'浔阳区','360400',3863),(3452,3,'130623',1700,3,'涞水县','130600',1701),(3453,3,'130630',1702,3,'涞源县','130600',1703),(3454,3,'421125',2798,3,'浠水县','421100',2799),(3455,3,'410611',2076,3,'淇滨区','410600',2077),(3456,3,'410622',2078,3,'淇县','410600',2079),(3457,3,'411326',2192,3,'淅川县','411300',2193),(3458,3,'130731',2040,3,'涿鹿县','130700',2041),(3459,3,'130681',1704,3,'涿州市','130600',1705),(3460,3,'411221',2232,3,'渑池县','411200',2233),(3461,3,'630123',4630,3,'湟源县','630100',4631),(3462,3,'630122',4632,3,'湟中县','630100',4633),(3463,3,'431224',3130,3,'溆浦县','431200',3131),(3464,3,'520328',1592,3,'湄潭县','520300',1593),(3465,3,'320124',3546,3,'溧水县','320100',3547),(3466,3,'320481',3478,3,'溧阳市','320400',3479),(3467,3,'411526',2306,3,'潢川县','411500',2307),(3468,3,'610522',5416,3,'潼关县','610500',5417),(3469,3,'500223',7223,2,'潼南县','500000',7224),(3470,3,'340621',140,3,'濉溪县','340600',141),(3471,3,'430723',3026,3,'澧县','430700',3027),(3472,3,'410928',2428,3,'濮阳县','410900',2429),(3473,3,'440512',980,3,'濠江区','440500',981),(3474,3,'610111',5446,3,'灞桥区','610100',5447),(3475,3,'621223',702,3,'宕昌县','621200',703),(3476,3,'330702',6924,3,'婺城区','330700',6925),(3477,3,'361130',3926,3,'婺源县','361100',3927),(3478,3,'411702',2398,3,'驿城区','411700',2399),(3479,3,'140826',5278,3,'绛县','140800',5279),(3480,3,'331122',6946,3,'缙云县','331100',6947),(3481,3,'450109',1344,3,'邕宁区','450100',1345),(3482,3,'511526',6008,3,'珙县','511500',6009),(3483,3,'222404',3458,3,'珲春市','222400',3459),(3484,3,'500227',7225,2,'璧山县','500000',7226),(3485,3,'410221',2128,3,'杞县','410200',2129),(3486,3,'340823',26,3,'枞阳县','340800',27),(3487,3,'411424',2250,3,'柘城县','411400',2251),(3488,3,'350926',448,3,'柘荣县','350900',449),(3489,3,'230826',2588,3,'桦川县','230800',2589),(3490,3,'220282',3378,3,'桦甸市','220200',3379),(3491,3,'230822',2590,3,'桦南县','230800',2591),(3492,3,'130124',1928,3,'栾城县','130100',1929),(3493,3,'410324',2162,3,'栾川县','410300',2163),(3494,3,'510725',5902,3,'梓潼县','510700',5903),(3495,3,'445202',906,3,'榕城区','445200',907),(3496,3,'522632',1494,3,'榕江县','522600',1495),(3497,3,'330304',7036,3,'瓯海区','330300',7037),(3498,3,'511123',5828,3,'犍为县','511100',5829),(3499,3,'370481',4976,3,'滕州市','370400',4977),(3500,3,'341021',172,3,'歙县','341000',173),(3501,3,'341825',266,3,'旌德县','341800',267),(3502,3,'510603',5732,3,'旌阳区','510600',5733),(3503,3,'440604',816,3,'禅城区','440600',817),(3504,3,'341321',218,3,'砀山县','341300',219),(3505,3,'150822',4254,3,'磴口县','150800',4255),(3506,3,'320830',3498,3,'盱眙县','320800',3499),(3507,3,'320324',3668,3,'睢宁县','320300',3669),(3508,3,'411422',2252,3,'睢县','411400',2253),(3509,3,'411403',2254,3,'睢阳区','411400',2255),(3510,3,'420527',3002,3,'秭归县','420500',3003),(3511,3,'140824',5280,3,'稷山县','140800',5281),(3512,3,'340207',248,3,'鸠江区','340200',249),(3513,3,'430481',3102,3,'耒阳市','430400',3103),(3514,3,'450804',1238,3,'覃塘区','450800',1239),(3515,3,'341203',104,3,'颍东区','341200',105),(3516,3,'341204',106,3,'颍泉区','341200',107),(3517,3,'341226',108,3,'颍上县','341200',109),(3518,3,'341202',110,3,'颍州区','341200',111),(3519,3,'220281',3380,3,'蛟河市','220200',3381),(3520,3,'130635',1706,3,'蠡县','130600',1707),(3521,3,'511527',6010,3,'筠连县','511500',6011),(3522,3,'500222',7227,2,'綦江县','500000',7228),(3523,3,'430281',3302,3,'醴陵市','430200',3303),(3524,3,'210804',4226,3,'鲅鱼圈区','210800',4227),(3525,3,'530302',6740,3,'麒麟区','530300',6741),(3526,3,'610329',5334,3,'麟游县','610300',5335),(3527,3,'341023',174,3,'黟县','341000',175);
/*!40000 ALTER TABLE `areas` ENABLE KEYS */;
UNLOCK TABLES;
DROP TABLE IF EXISTS `project_monthly_budget`;
/*!40101 SET @saved_cs_client     = @@character_set_client */;
/*!40101 SET character_set_client = utf8 */;
CREATE TABLE `project_monthly_budget` (
  `id` bigint(20) NOT NULL AUTO_INCREMENT,
  `version` int(11) NOT NULL,
  `created_date` date DEFAULT NULL,
  `disabled` bit(1) NOT NULL,
  `last_updated` date DEFAULT NULL,
  `amount` decimal(19,2) DEFAULT NULL,
  `expenditure_type` varchar(255) DEFAULT NULL,
  `montly_month` int(11) NOT NULL,
  `montly_year` int(11) NOT NULL,
  `budget_remark` longtext,
  `creator_id` bigint(20) DEFAULT NULL,
  `last_updator` bigint(20) DEFAULT NULL,
  `project_id` bigint(20) DEFAULT NULL,
  PRIMARY KEY (`id`),
  KEY `FKEBBDD19D3DF356AA` (`project_id`),
  KEY `FKEBBDD19D5312271B` (`last_updator`),
  KEY `FKEBBDD19D9118F3D3` (`creator_id`),
  CONSTRAINT `FKEBBDD19D9118F3D3` FOREIGN KEY (`creator_id`) REFERENCES `persons` (`id`),
  CONSTRAINT `FKEBBDD19D3DF356AA` FOREIGN KEY (`project_id`) REFERENCES `projects` (`id`),
  CONSTRAINT `FKEBBDD19D5312271B` FOREIGN KEY (`last_updator`) REFERENCES `persons` (`id`)
) ENGINE=InnoDB DEFAULT CHARSET=utf8;
/*!40101 SET character_set_client = @saved_cs_client */;

LOCK TABLES `project_monthly_budget` WRITE;
/*!40000 ALTER TABLE `project_monthly_budget` DISABLE KEYS */;
/*!40000 ALTER TABLE `project_monthly_budget` ENABLE KEYS */;
UNLOCK TABLES;
DROP TABLE IF EXISTS `project_budget_info`;
/*!40101 SET @saved_cs_client     = @@character_set_client */;
/*!40101 SET character_set_client = utf8 */;
CREATE TABLE `project_budget_info` (
  `project_id` bigint(20) NOT NULL,
  `budget_value` decimal(19,2) DEFAULT NULL,
  `expenditure_type` varchar(255) NOT NULL,
  PRIMARY KEY (`project_id`,`expenditure_type`),
  KEY `FKA3D4FD423DF356AA` (`project_id`),
  CONSTRAINT `FKA3D4FD423DF356AA` FOREIGN KEY (`project_id`) REFERENCES `projects` (`id`)
) ENGINE=InnoDB DEFAULT CHARSET=utf8;
/*!40101 SET character_set_client = @saved_cs_client */;

LOCK TABLES `project_budget_info` WRITE;
/*!40000 ALTER TABLE `project_budget_info` DISABLE KEYS */;
INSERT INTO `project_budget_info` VALUES (1,0.00,'AUXILIARY_MATERIAL'),(1,0.00,'DEVICE_DEPRECIATION'),(1,0.00,'FUND_OCCUPATION'),(1,0.00,'MAIN_MATERIAL'),(1,0.00,'MARKET'),(1,0.00,'OPERATION'),(1,0.00,'SALARY'),(1,0.00,'SUBCONTRACT'),(2,0.00,'AUXILIARY_MATERIAL'),(2,0.00,'DEVICE_DEPRECIATION'),(2,0.00,'FUND_OCCUPATION'),(2,0.00,'MAIN_MATERIAL'),(2,0.00,'MARKET'),(2,0.00,'OPERATION'),(2,0.00,'SALARY'),(2,0.00,'SUBCONTRACT'),(3,0.00,'AUXILIARY_MATERIAL'),(3,0.00,'DEVICE_DEPRECIATION'),(3,0.00,'FUND_OCCUPATION'),(3,0.00,'MAIN_MATERIAL'),(3,0.00,'MARKET'),(3,0.00,'OPERATION'),(3,0.00,'SALARY'),(3,0.00,'SUBCONTRACT'),(4,0.00,'AUXILIARY_MATERIAL'),(4,0.00,'DEVICE_DEPRECIATION'),(4,0.00,'FUND_OCCUPATION'),(4,0.00,'MAIN_MATERIAL'),(4,0.00,'MARKET'),(4,0.00,'OPERATION'),(4,0.00,'SALARY'),(4,0.00,'SUBCONTRACT'),(5,0.00,'AUXILIARY_MATERIAL'),(5,0.00,'DEVICE_DEPRECIATION'),(5,0.00,'FUND_OCCUPATION'),(5,0.00,'MAIN_MATERIAL'),(5,0.00,'MARKET'),(5,0.00,'OPERATION'),(5,0.00,'SALARY'),(5,0.00,'SUBCONTRACT'),(6,0.00,'AUXILIARY_MATERIAL'),(6,0.00,'DEVICE_DEPRECIATION'),(6,0.00,'FUND_OCCUPATION'),(6,0.00,'MAIN_MATERIAL'),(6,0.00,'MARKET'),(6,0.00,'OPERATION'),(6,0.00,'SALARY'),(6,0.00,'SUBCONTRACT'),(7,0.00,'AUXILIARY_MATERIAL'),(7,0.00,'DEVICE_DEPRECIATION'),(7,0.00,'FUND_OCCUPATION'),(7,0.00,'MAIN_MATERIAL'),(7,0.00,'MARKET'),(7,0.00,'OPERATION'),(7,0.00,'SALARY'),(7,0.00,'SUBCONTRACT'),(8,0.00,'AUXILIARY_MATERIAL'),(8,0.00,'DEVICE_DEPRECIATION'),(8,0.00,'FUND_OCCUPATION'),(8,0.00,'MAIN_MATERIAL'),(8,0.00,'MARKET'),(8,0.00,'OPERATION'),(8,0.00,'SALARY'),(8,0.00,'SUBCONTRACT'),(9,0.00,'AUXILIARY_MATERIAL'),(9,0.00,'DEVICE_DEPRECIATION'),(9,0.00,'FUND_OCCUPATION'),(9,0.00,'MAIN_MATERIAL'),(9,0.00,'MARKET'),(9,0.00,'OPERATION'),(9,0.00,'SALARY'),(9,0.00,'SUBCONTRACT'),(10,0.00,'AUXILIARY_MATERIAL'),(10,0.00,'DEVICE_DEPRECIATION'),(10,0.00,'FUND_OCCUPATION'),(10,0.00,'MAIN_MATERIAL'),(10,0.00,'MARKET'),(10,0.00,'OPERATION'),(10,0.00,'SALARY'),(10,0.00,'SUBCONTRACT'),(11,0.00,'AUXILIARY_MATERIAL'),(11,0.00,'DEVICE_DEPRECIATION'),(11,0.00,'FUND_OCCUPATION'),(11,0.00,'MAIN_MATERIAL'),(11,0.00,'MARKET'),(11,0.00,'OPERATION'),(11,0.00,'SALARY'),(11,0.00,'SUBCONTRACT'),(12,0.00,'AUXILIARY_MATERIAL'),(12,0.00,'DEVICE_DEPRECIATION'),(12,0.00,'FUND_OCCUPATION'),(12,0.00,'MAIN_MATERIAL'),(12,0.00,'MARKET'),(12,0.00,'OPERATION'),(12,0.00,'SALARY'),(12,0.00,'SUBCONTRACT'),(13,0.00,'AUXILIARY_MATERIAL'),(13,0.00,'DEVICE_DEPRECIATION'),(13,0.00,'FUND_OCCUPATION'),(13,0.00,'MAIN_MATERIAL'),(13,0.00,'MARKET'),(13,0.00,'OPERATION'),(13,0.00,'SALARY'),(13,0.00,'SUBCONTRACT'),(14,0.00,'AUXILIARY_MATERIAL'),(14,0.00,'DEVICE_DEPRECIATION'),(14,0.00,'FUND_OCCUPATION'),(14,0.00,'MAIN_MATERIAL'),(14,0.00,'MARKET'),(14,0.00,'OPERATION'),(14,0.00,'SALARY'),(14,0.00,'SUBCONTRACT'),(15,0.00,'AUXILIARY_MATERIAL'),(15,0.00,'DEVICE_DEPRECIATION'),(15,0.00,'FUND_OCCUPATION'),(15,0.00,'MAIN_MATERIAL'),(15,0.00,'MARKET'),(15,0.00,'OPERATION'),(15,0.00,'SALARY'),(15,0.00,'SUBCONTRACT'),(16,0.00,'AUXILIARY_MATERIAL'),(16,0.00,'DEVICE_DEPRECIATION'),(16,0.00,'FUND_OCCUPATION'),(16,0.00,'MAIN_MATERIAL'),(16,0.00,'MARKET'),(16,0.00,'OPERATION'),(16,0.00,'SALARY'),(16,0.00,'SUBCONTRACT'),(17,0.00,'AUXILIARY_MATERIAL'),(17,0.00,'DEVICE_DEPRECIATION'),(17,0.00,'FUND_OCCUPATION'),(17,0.00,'MAIN_MATERIAL'),(17,0.00,'MARKET'),(17,0.00,'OPERATION'),(17,0.00,'SALARY'),(17,0.00,'SUBCONTRACT'),(18,0.00,'AUXILIARY_MATERIAL'),(18,0.00,'DEVICE_DEPRECIATION'),(18,0.00,'FUND_OCCUPATION'),(18,0.00,'MAIN_MATERIAL'),(18,0.00,'MARKET'),(18,0.00,'OPERATION'),(18,0.00,'SALARY'),(18,0.00,'SUBCONTRACT'),(19,0.00,'AUXILIARY_MATERIAL'),(19,0.00,'DEVICE_DEPRECIATION'),(19,0.00,'FUND_OCCUPATION'),(19,0.00,'MAIN_MATERIAL'),(19,0.00,'MARKET'),(19,0.00,'OPERATION'),(19,0.00,'SALARY'),(19,0.00,'SUBCONTRACT'),(20,0.00,'AUXILIARY_MATERIAL'),(20,0.00,'DEVICE_DEPRECIATION'),(20,0.00,'FUND_OCCUPATION'),(20,0.00,'MAIN_MATERIAL'),(20,0.00,'MARKET'),(20,0.00,'OPERATION'),(20,0.00,'SALARY'),(20,0.00,'SUBCONTRACT'),(21,0.00,'AUXILIARY_MATERIAL'),(21,0.00,'DEVICE_DEPRECIATION'),(21,0.00,'FUND_OCCUPATION'),(21,0.00,'MAIN_MATERIAL'),(21,0.00,'MARKET'),(21,0.00,'OPERATION'),(21,0.00,'SALARY'),(21,0.00,'SUBCONTRACT'),(22,0.00,'AUXILIARY_MATERIAL'),(22,0.00,'DEVICE_DEPRECIATION'),(22,0.00,'FUND_OCCUPATION'),(22,0.00,'MAIN_MATERIAL'),(22,0.00,'MARKET'),(22,0.00,'OPERATION'),(22,0.00,'SALARY'),(22,0.00,'SUBCONTRACT'),(23,0.00,'AUXILIARY_MATERIAL'),(23,0.00,'DEVICE_DEPRECIATION'),(23,0.00,'FUND_OCCUPATION'),(23,0.00,'MAIN_MATERIAL'),(23,0.00,'MARKET'),(23,0.00,'OPERATION'),(23,0.00,'SALARY'),(23,0.00,'SUBCONTRACT'),(24,0.00,'AUXILIARY_MATERIAL'),(24,0.00,'DEVICE_DEPRECIATION'),(24,0.00,'FUND_OCCUPATION'),(24,0.00,'MAIN_MATERIAL'),(24,0.00,'MARKET'),(24,0.00,'OPERATION'),(24,0.00,'SALARY'),(24,0.00,'SUBCONTRACT'),(25,0.00,'AUXILIARY_MATERIAL'),(25,0.00,'DEVICE_DEPRECIATION'),(25,0.00,'FUND_OCCUPATION'),(25,0.00,'MAIN_MATERIAL'),(25,0.00,'MARKET'),(25,0.00,'OPERATION'),(25,0.00,'SALARY'),(25,0.00,'SUBCONTRACT'),(26,0.00,'AUXILIARY_MATERIAL'),(26,0.00,'DEVICE_DEPRECIATION'),(26,0.00,'FUND_OCCUPATION'),(26,0.00,'MAIN_MATERIAL'),(26,0.00,'MARKET'),(26,0.00,'OPERATION'),(26,0.00,'SALARY'),(26,0.00,'SUBCONTRACT'),(27,0.00,'AUXILIARY_MATERIAL'),(27,0.00,'DEVICE_DEPRECIATION'),(27,0.00,'FUND_OCCUPATION'),(27,0.00,'MAIN_MATERIAL'),(27,0.00,'MARKET'),(27,0.00,'OPERATION'),(27,0.00,'SALARY'),(27,0.00,'SUBCONTRACT'),(28,0.00,'AUXILIARY_MATERIAL'),(28,0.00,'DEVICE_DEPRECIATION'),(28,0.00,'FUND_OCCUPATION'),(28,0.00,'MAIN_MATERIAL'),(28,0.00,'MARKET'),(28,0.00,'OPERATION'),(28,0.00,'SALARY'),(28,0.00,'SUBCONTRACT'),(29,0.00,'AUXILIARY_MATERIAL'),(29,0.00,'DEVICE_DEPRECIATION'),(29,0.00,'FUND_OCCUPATION'),(29,0.00,'MAIN_MATERIAL'),(29,0.00,'MARKET'),(29,0.00,'OPERATION'),(29,0.00,'SALARY'),(29,0.00,'SUBCONTRACT'),(31,0.00,'AUXILIARY_MATERIAL'),(31,0.00,'DEVICE_DEPRECIATION'),(31,0.00,'FUND_OCCUPATION'),(31,0.00,'MAIN_MATERIAL'),(31,0.00,'MARKET'),(31,0.00,'OPERATION'),(31,0.00,'SALARY'),(31,0.00,'SUBCONTRACT'),(32,0.00,'AUXILIARY_MATERIAL'),(32,0.00,'DEVICE_DEPRECIATION'),(32,0.00,'FUND_OCCUPATION'),(32,0.00,'MAIN_MATERIAL'),(32,0.00,'MARKET'),(32,0.00,'OPERATION'),(32,0.00,'SALARY'),(32,0.00,'SUBCONTRACT'),(33,0.00,'AUXILIARY_MATERIAL'),(33,0.00,'DEVICE_DEPRECIATION'),(33,0.00,'FUND_OCCUPATION'),(33,0.00,'MAIN_MATERIAL'),(33,0.00,'MARKET'),(33,0.00,'OPERATION'),(33,0.00,'SALARY'),(33,0.00,'SUBCONTRACT'),(34,0.00,'AUXILIARY_MATERIAL'),(34,0.00,'DEVICE_DEPRECIATION'),(34,0.00,'FUND_OCCUPATION'),(34,0.00,'MAIN_MATERIAL'),(34,0.00,'MARKET'),(34,0.00,'OPERATION'),(34,0.00,'SALARY'),(34,0.00,'SUBCONTRACT'),(35,0.00,'AUXILIARY_MATERIAL'),(35,0.00,'DEVICE_DEPRECIATION'),(35,0.00,'FUND_OCCUPATION'),(35,0.00,'MAIN_MATERIAL'),(35,0.00,'MARKET'),(35,0.00,'OPERATION'),(35,0.00,'SALARY'),(35,0.00,'SUBCONTRACT');
/*!40000 ALTER TABLE `project_budget_info` ENABLE KEYS */;
UNLOCK TABLES;
DROP TABLE IF EXISTS `notice_results`;
/*!40101 SET @saved_cs_client     = @@character_set_client */;
/*!40101 SET character_set_client = utf8 */;
CREATE TABLE `notice_results` (
  `id` bigint(20) NOT NULL AUTO_INCREMENT,
  `version` int(11) NOT NULL,
  `failure_cause` longtext,
  `notice_content` longtext,
  `notice_time` datetime DEFAULT NULL,
  `result` bit(1) NOT NULL,
  PRIMARY KEY (`id`)
) ENGINE=InnoDB DEFAULT CHARSET=utf8;
/*!40101 SET character_set_client = @saved_cs_client */;

LOCK TABLES `notice_results` WRITE;
/*!40000 ALTER TABLE `notice_results` DISABLE KEYS */;
/*!40000 ALTER TABLE `notice_results` ENABLE KEYS */;
UNLOCK TABLES;
DROP TABLE IF EXISTS `warn_event_trigger_values`;
/*!40101 SET @saved_cs_client     = @@character_set_client */;
/*!40101 SET character_set_client = utf8 */;
CREATE TABLE `warn_event_trigger_values` (
  `id` bigint(20) NOT NULL AUTO_INCREMENT,
  `version` int(11) NOT NULL,
  `defalut` bit(1) NOT NULL,
  `organization_id` varchar(255) DEFAULT NULL,
  `trigger_value` decimal(19,2) DEFAULT NULL,
  `warn_event_type` varchar(255) DEFAULT NULL,
  PRIMARY KEY (`id`)
) ENGINE=InnoDB AUTO_INCREMENT=6 DEFAULT CHARSET=utf8;
/*!40101 SET character_set_client = @saved_cs_client */;

LOCK TABLES `warn_event_trigger_values` WRITE;
/*!40000 ALTER TABLE `warn_event_trigger_values` DISABLE KEYS */;
INSERT INTO `warn_event_trigger_values` VALUES (1,1,'',NULL,5.00,'GROSS_MARGIN_WARN_EVENT'),(2,1,'',NULL,1000.00,'EXPENDITURE_WARN_EVENT'),(3,1,'',NULL,10.00,'RECEIPT_EVENT'),(4,1,'',NULL,3.00,'APPLY_REMIND_EVENT'),(5,1,'',NULL,5.00,'PROJECT_APPROVAL_REMIND_EVENT');
/*!40000 ALTER TABLE `warn_event_trigger_values` ENABLE KEYS */;
UNLOCK TABLES;
DROP TABLE IF EXISTS `documents`;
/*!40101 SET @saved_cs_client     = @@character_set_client */;
/*!40101 SET character_set_client = utf8 */;
CREATE TABLE `documents` (
  `id` bigint(20) NOT NULL AUTO_INCREMENT,
  `version` int(11) NOT NULL,
  `file_name` varchar(255) DEFAULT NULL,
  `relative_path` varchar(255) DEFAULT NULL,
  `root_path` varchar(255) DEFAULT NULL,
  `file_size` bigint(20) DEFAULT NULL,
  `file_type` varchar(255) DEFAULT NULL,
  `upload_date` date DEFAULT NULL,
  PRIMARY KEY (`id`)
) ENGINE=InnoDB AUTO_INCREMENT=18 DEFAULT CHARSET=utf8;
/*!40101 SET character_set_client = @saved_cs_client */;

LOCK TABLES `documents` WRITE;
/*!40000 ALTER TABLE `documents` DISABLE KEYS */;
INSERT INTO `documents` VALUES (1,1,'东莞移动光缆框架合同关键页.pdf','0\\1.pdf','D:\\gdsunseadocs',700016,'pdf','2012-12-10'),(2,1,'东莞移动光缆框架合同$2900000.rar','0\\2.rar','D:\\gdsunseadocs',6620719,'rar','2012-12-10'),(3,1,'潮州联通2012年本地传输网管线.pdf','0\\3.pdf','D:\\gdsunseadocs',956064,'pdf','2012-12-10'),(4,1,'2012年江门移动框架合同2.pdf','0\\4.pdf','D:\\gdsunseadocs',14693234,'pdf','2012-12-10'),(5,1,'潮州联通施工委托书及采购单（CU12-4452-2012-000117）810000元.pdf','0\\5.pdf','D:\\gdsunseadocs',646398,'pdf','2012-12-10'),(6,1,'潮州联通2012年客户接入工程.pdf','0\\6.pdf','D:\\gdsunseadocs',4144516,'pdf','2012-12-10'),(7,1,'合同采购单￥50200.pdf','0\\7.pdf','D:\\gdsunseadocs',670672,'pdf','2012-12-10'),(8,1,'潮州联通2012年本地传输网管线.pdf','0\\8.pdf','D:\\gdsunseadocs',956064,'pdf','2012-12-10'),(9,1,'合同采购单￥307300.pdf','0\\9.pdf','D:\\gdsunseadocs',966814,'pdf','2012-12-10'),(10,1,'合同采购单￥103634.22.pdf','0\\10.pdf','D:\\gdsunseadocs',963918,'pdf','2012-12-10'),(11,1,'合同采购单￥266051.41.pdf','0\\11.pdf','D:\\gdsunseadocs',963230,'pdf','2012-12-10'),(12,1,'汕尾联通2012年度固网接入工程施工框架合同.pdf','0\\12.pdf','D:\\gdsunseadocs',16090007,'pdf','2012-12-10'),(14,1,'潮州联通2012年客户接入工程.pdf','0\\14.pdf','D:\\gdsunseadocs',4144516,'pdf','2012-12-10'),(15,1,'2012年东莞移动管道框架合同关键页.pdf','0\\15.pdf','D:\\gdsunseadocs',717344,'pdf','2012-12-10'),(16,1,'CMGD-QY-201200377采购单.pdf','0\\16.pdf','D:\\gdsunseadocs',1164927,'pdf','2012-12-10'),(17,1,'【荆门分公司2012年小区宽带】工程施工合同甲方对日海.pdf','0\\17.pdf','D:\\gdsunseadocs',9390870,'pdf','2012-12-10');
/*!40000 ALTER TABLE `documents` ENABLE KEYS */;
UNLOCK TABLES;
DROP TABLE IF EXISTS `output_values`;
/*!40101 SET @saved_cs_client     = @@character_set_client */;
/*!40101 SET character_set_client = utf8 */;
CREATE TABLE `output_values` (
  `id` bigint(20) NOT NULL AUTO_INCREMENT,
  `version` int(11) NOT NULL,
  `montly_month` int(11) NOT NULL,
  `montly_year` int(11) NOT NULL,
  `numerical_value` decimal(19,2) DEFAULT NULL,
  `ownerCategory` varchar(255) DEFAULT NULL,
  `to_quarter` varchar(255) DEFAULT NULL,
  `city` bigint(20) DEFAULT NULL,
  `county` bigint(20) DEFAULT NULL,
  `org1_id` bigint(20) DEFAULT NULL,
  `org2_id` bigint(20) DEFAULT NULL,
  `org3_id` bigint(20) DEFAULT NULL,
  `org4_id` bigint(20) DEFAULT NULL,
  `project_id` bigint(20) DEFAULT NULL,
  `province` bigint(20) DEFAULT NULL,
  `responsibleDivision` bigint(20) DEFAULT NULL,
  `single_contract_id` bigint(20) DEFAULT NULL,
  `specialtyProject_id` bigint(20) DEFAULT NULL,
  `subProject_id` bigint(20) DEFAULT NULL,
  PRIMARY KEY (`id`),
  UNIQUE KEY `montly_year` (`montly_year`,`montly_month`,`specialtyProject_id`),
  KEY `FK8C678E207345748B` (`org3_id`),
  KEY `FK8C678E20F6A1AC68` (`city`),
  KEY `FK8C678E207345002C` (`org2_id`),
  KEY `FK8C678E20B6F3DD6A` (`subProject_id`),
  KEY `FK8C678E20E5B3CDDB` (`single_contract_id`),
  KEY `FK8C678E203DF356AA` (`project_id`),
  KEY `FK8C678E20BE2058A3` (`responsibleDivision`),
  KEY `FK8C678E20A5B5E447` (`county`),
  KEY `FK8C678E207345E8EA` (`org4_id`),
  KEY `FK8C678E20F875022A` (`specialtyProject_id`),
  KEY `FK8C678E2073448BCD` (`org1_id`),
  KEY `FK8C678E20BB973E2D` (`province`),
  CONSTRAINT `FK8C678E20BB973E2D` FOREIGN KEY (`province`) REFERENCES `areas` (`id`),
  CONSTRAINT `FK8C678E203DF356AA` FOREIGN KEY (`project_id`) REFERENCES `projects` (`id`),
  CONSTRAINT `FK8C678E2073448BCD` FOREIGN KEY (`org1_id`) REFERENCES `organizations` (`id`),
  CONSTRAINT `FK8C678E207345002C` FOREIGN KEY (`org2_id`) REFERENCES `organizations` (`id`),
  CONSTRAINT `FK8C678E207345748B` FOREIGN KEY (`org3_id`) REFERENCES `organizations` (`id`),
  CONSTRAINT `FK8C678E207345E8EA` FOREIGN KEY (`org4_id`) REFERENCES `organizations` (`id`),
  CONSTRAINT `FK8C678E20A5B5E447` FOREIGN KEY (`county`) REFERENCES `areas` (`id`),
  CONSTRAINT `FK8C678E20B6F3DD6A` FOREIGN KEY (`subProject_id`) REFERENCES `projects` (`id`),
  CONSTRAINT `FK8C678E20BE2058A3` FOREIGN KEY (`responsibleDivision`) REFERENCES `organizations` (`id`),
  CONSTRAINT `FK8C678E20E5B3CDDB` FOREIGN KEY (`single_contract_id`) REFERENCES `contracts` (`id`),
  CONSTRAINT `FK8C678E20F6A1AC68` FOREIGN KEY (`city`) REFERENCES `areas` (`id`),
  CONSTRAINT `FK8C678E20F875022A` FOREIGN KEY (`specialtyProject_id`) REFERENCES `projects` (`id`)
) ENGINE=InnoDB DEFAULT CHARSET=utf8;
/*!40101 SET character_set_client = @saved_cs_client */;

LOCK TABLES `output_values` WRITE;
/*!40000 ALTER TABLE `output_values` DISABLE KEYS */;
/*!40000 ALTER TABLE `output_values` ENABLE KEYS */;
UNLOCK TABLES;
DROP TABLE IF EXISTS `role_assignments`;
/*!40101 SET @saved_cs_client     = @@character_set_client */;
/*!40101 SET character_set_client = utf8 */;
CREATE TABLE `role_assignments` (
  `id` bigint(20) NOT NULL AUTO_INCREMENT,
  `version` int(11) NOT NULL,
  `org_id` bigint(20) DEFAULT NULL,
  `role_id` bigint(20) NOT NULL,
  `user_id` bigint(20) NOT NULL,
  PRIMARY KEY (`id`),
  UNIQUE KEY `user_id` (`user_id`,`role_id`,`org_id`),
  KEY `FKF8C30FD7F05DF56` (`org_id`),
  KEY `FKF8C30FD488C586A` (`role_id`),
  KEY `FKF8C30FDEDB71C4A` (`user_id`),
  CONSTRAINT `FKF8C30FDEDB71C4A` FOREIGN KEY (`user_id`) REFERENCES `users` (`id`),
  CONSTRAINT `FKF8C30FD488C586A` FOREIGN KEY (`role_id`) REFERENCES `roles` (`id`),
  CONSTRAINT `FKF8C30FD7F05DF56` FOREIGN KEY (`org_id`) REFERENCES `organizations` (`id`)
) ENGINE=InnoDB AUTO_INCREMENT=41 DEFAULT CHARSET=utf8;
/*!40101 SET character_set_client = @saved_cs_client */;

LOCK TABLES `role_assignments` WRITE;
/*!40000 ALTER TABLE `role_assignments` DISABLE KEYS */;
INSERT INTO `role_assignments` VALUES (7,1,1,1,14),(8,0,21,4,25),(18,0,21,5,37),(19,0,21,5,66),(22,0,83,7,69),(23,0,73,7,70),(24,0,84,7,71),(25,0,82,7,72),(26,0,75,7,73),(27,0,70,7,74),(28,0,74,7,75),(29,0,71,7,76),(30,0,69,7,77),(31,0,72,7,78),(32,0,74,3,26),(33,0,74,4,26),(34,0,74,3,27),(35,0,74,4,27),(36,0,74,4,29),(37,0,74,4,35),(38,0,74,3,44),(39,0,74,6,50),(40,0,1,7,68);
/*!40000 ALTER TABLE `role_assignments` ENABLE KEYS */;
UNLOCK TABLES;
DROP TABLE IF EXISTS `email_infos`;
/*!40101 SET @saved_cs_client     = @@character_set_client */;
/*!40101 SET character_set_client = utf8 */;
CREATE TABLE `email_infos` (
  `id` bigint(20) NOT NULL AUTO_INCREMENT,
  `version` int(11) NOT NULL,
  `is_default` bit(1) DEFAULT NULL,
  `is_usable` bit(1) DEFAULT NULL,
  `name` varchar(255) DEFAULT NULL,
  `password` varchar(255) DEFAULT NULL,
  `remark` varchar(255) DEFAULT NULL,
  `smtp_name` varchar(255) DEFAULT NULL,
  `smtp_port` int(11) DEFAULT NULL,
  `username` varchar(255) DEFAULT NULL,
  PRIMARY KEY (`id`)
) ENGINE=InnoDB AUTO_INCREMENT=2 DEFAULT CHARSET=utf8;
/*!40101 SET character_set_client = @saved_cs_client */;

LOCK TABLES `email_infos` WRITE;
/*!40000 ALTER TABLE `email_infos` DISABLE KEYS */;
INSERT INTO `email_infos` VALUES (1,1,'','','通信工程管理系统消息','cpms:dayatang',NULL,'smtp.gdsunsea.com',25,'cpms@suilink.com');
/*!40000 ALTER TABLE `email_infos` ENABLE KEYS */;
UNLOCK TABLES;
DROP TABLE IF EXISTS `project_cooperation_organizations`;
/*!40101 SET @saved_cs_client     = @@character_set_client */;
/*!40101 SET character_set_client = utf8 */;
CREATE TABLE `project_cooperation_organizations` (
  `project_id` bigint(20) NOT NULL,
  `organization_id` bigint(20) NOT NULL,
  PRIMARY KEY (`project_id`,`organization_id`),
  KEY `FK7D5421364D333E85` (`organization_id`),
  KEY `FK7D5421363DF356AA` (`project_id`),
  CONSTRAINT `FK7D5421363DF356AA` FOREIGN KEY (`project_id`) REFERENCES `projects` (`id`),
  CONSTRAINT `FK7D5421364D333E85` FOREIGN KEY (`organization_id`) REFERENCES `organizations` (`id`)
) ENGINE=InnoDB DEFAULT CHARSET=utf8;
/*!40101 SET character_set_client = @saved_cs_client */;

LOCK TABLES `project_cooperation_organizations` WRITE;
/*!40000 ALTER TABLE `project_cooperation_organizations` DISABLE KEYS */;
/*!40000 ALTER TABLE `project_cooperation_organizations` ENABLE KEYS */;
UNLOCK TABLES;
DROP TABLE IF EXISTS `single_contract_to_subprojects`;
/*!40101 SET @saved_cs_client     = @@character_set_client */;
/*!40101 SET character_set_client = utf8 */;
CREATE TABLE `single_contract_to_subprojects` (
  `contract_id` bigint(20) DEFAULT NULL,
  `subproject_id` bigint(20) NOT NULL,
  PRIMARY KEY (`subproject_id`),
  KEY `FK1EDF2ACC53A28AEA` (`contract_id`),
  KEY `FK1EDF2ACCB6F3DD6A` (`subproject_id`),
  KEY `FK1EDF2ACC305B1752` (`contract_id`),
  CONSTRAINT `FK1EDF2ACC305B1752` FOREIGN KEY (`contract_id`) REFERENCES `contracts` (`id`),
  CONSTRAINT `FK1EDF2ACC53A28AEA` FOREIGN KEY (`contract_id`) REFERENCES `contracts` (`id`),
  CONSTRAINT `FK1EDF2ACCB6F3DD6A` FOREIGN KEY (`subproject_id`) REFERENCES `projects` (`id`)
) ENGINE=InnoDB DEFAULT CHARSET=utf8;
/*!40101 SET character_set_client = @saved_cs_client */;

LOCK TABLES `single_contract_to_subprojects` WRITE;
/*!40000 ALTER TABLE `single_contract_to_subprojects` DISABLE KEYS */;
/*!40000 ALTER TABLE `single_contract_to_subprojects` ENABLE KEYS */;
UNLOCK TABLES;
DROP TABLE IF EXISTS `biddings`;
/*!40101 SET @saved_cs_client     = @@character_set_client */;
/*!40101 SET character_set_client = utf8 */;
CREATE TABLE `biddings` (
  `id` bigint(20) NOT NULL AUTO_INCREMENT,
  `version` int(11) NOT NULL,
  `created_date` date DEFAULT NULL,
  `disabled` bit(1) NOT NULL,
  `last_updated` date DEFAULT NULL,
  `apply_date` date DEFAULT NULL,
  `biddingStatus` varchar(255) DEFAULT NULL,
  `amount_of_earnest_money` decimal(19,2) DEFAULT NULL,
  `estimated_return_time` datetime DEFAULT NULL,
  `earnest_money_remark` longtext,
  `return_time` datetime DEFAULT NULL,
  `project_amount` decimal(19,2) DEFAULT NULL,
  `project_name` varchar(255) DEFAULT NULL,
  `tender_date` date DEFAULT NULL,
  `creator_id` bigint(20) DEFAULT NULL,
  `last_updator` bigint(20) DEFAULT NULL,
  `owner_id` bigint(20) DEFAULT NULL,
  `principal_id` bigint(20) DEFAULT NULL,
  `bidding_responsible_division_id` bigint(20) DEFAULT NULL,
  PRIMARY KEY (`id`),
  KEY `FK26F8AC582A16C860` (`bidding_responsible_division_id`),
  KEY `FK26F8AC587523EC91` (`principal_id`),
  KEY `FK26F8AC585312271B` (`last_updator`),
  KEY `FK26F8AC589118F3D3` (`creator_id`),
  KEY `FK26F8AC5897A6913D` (`owner_id`),
  CONSTRAINT `FK26F8AC5897A6913D` FOREIGN KEY (`owner_id`) REFERENCES `organizations` (`id`),
  CONSTRAINT `FK26F8AC582A16C860` FOREIGN KEY (`bidding_responsible_division_id`) REFERENCES `organizations` (`id`),
  CONSTRAINT `FK26F8AC585312271B` FOREIGN KEY (`last_updator`) REFERENCES `persons` (`id`),
  CONSTRAINT `FK26F8AC587523EC91` FOREIGN KEY (`principal_id`) REFERENCES `persons` (`id`),
  CONSTRAINT `FK26F8AC589118F3D3` FOREIGN KEY (`creator_id`) REFERENCES `persons` (`id`)
) ENGINE=InnoDB DEFAULT CHARSET=utf8;
/*!40101 SET character_set_client = @saved_cs_client */;

LOCK TABLES `biddings` WRITE;
/*!40000 ALTER TABLE `biddings` DISABLE KEYS */;
/*!40000 ALTER TABLE `biddings` ENABLE KEYS */;
UNLOCK TABLES;
DROP TABLE IF EXISTS `document_tags`;
/*!40101 SET @saved_cs_client     = @@character_set_client */;
/*!40101 SET character_set_client = utf8 */;
CREATE TABLE `document_tags` (
  `Document_id` bigint(20) NOT NULL,
  `tagKey` varchar(255) DEFAULT NULL,
  `tagValue` varchar(255) DEFAULT NULL,
  KEY `FK5E8194BD458EA24A` (`Document_id`),
  CONSTRAINT `FK5E8194BD458EA24A` FOREIGN KEY (`Document_id`) REFERENCES `documents` (`id`)
) ENGINE=InnoDB DEFAULT CHARSET=utf8;
/*!40101 SET character_set_client = @saved_cs_client */;

LOCK TABLES `document_tags` WRITE;
/*!40000 ALTER TABLE `document_tags` DISABLE KEYS */;
INSERT INTO `document_tags` VALUES (1,'HOLDER_ORGANIZATION','1'),(1,'DISABLED','false'),(1,'PROJECT','2'),(1,'UPLOADED_BY','14'),(1,'FRAMEWORKPROJECT','2'),(2,'HOLDER_ORGANIZATION','1'),(2,'DISABLED','false'),(2,'PROJECT','3'),(2,'UPLOADED_BY','14'),(2,'FRAMEWORKPROJECT','3'),(3,'HOLDER_ORGANIZATION','1'),(3,'DISABLED','false'),(3,'PROJECT','4'),(3,'UPLOADED_BY','14'),(3,'FRAMEWORKPROJECT','4'),(4,'HOLDER_ORGANIZATION','1'),(4,'DISABLED','false'),(4,'PROJECT','5'),(4,'UPLOADED_BY','14'),(4,'FRAMEWORKPROJECT','5'),(5,'HOLDER_ORGANIZATION','1'),(5,'DISABLED','false'),(5,'PROJECT','6'),(5,'UPLOADED_BY','14'),(5,'FRAMEWORKPROJECT','6'),(6,'HOLDER_ORGANIZATION','1'),(6,'DISABLED','false'),(6,'PROJECT','17'),(6,'UPLOADED_BY','14'),(6,'FRAMEWORKPROJECT','17'),(7,'HOLDER_ORGANIZATION','1'),(7,'DISABLED','false'),(7,'PROJECT','24'),(7,'UPLOADED_BY','14'),(7,'FRAMEWORKPROJECT','24'),(8,'HOLDER_ORGANIZATION','1'),(8,'DISABLED','false'),(8,'PROJECT','25'),(8,'UPLOADED_BY','14'),(8,'FRAMEWORKPROJECT','25'),(9,'HOLDER_ORGANIZATION','1'),(9,'DISABLED','false'),(9,'PROJECT','26'),(9,'UPLOADED_BY','14'),(9,'FRAMEWORKPROJECT','26'),(10,'HOLDER_ORGANIZATION','1'),(10,'DISABLED','false'),(10,'PROJECT','27'),(10,'UPLOADED_BY','14'),(10,'FRAMEWORKPROJECT','27'),(11,'HOLDER_ORGANIZATION','1'),(11,'DISABLED','false'),(11,'PROJECT','28'),(11,'UPLOADED_BY','14'),(11,'FRAMEWORKPROJECT','28'),(12,'HOLDER_ORGANIZATION','1'),(12,'DISABLED','false'),(12,'PROJECT','29'),(12,'UPLOADED_BY','14'),(12,'FRAMEWORKPROJECT','29'),(14,'HOLDER_ORGANIZATION','1'),(14,'DISABLED','false'),(14,'PROJECT','31'),(14,'UPLOADED_BY','14'),(14,'FRAMEWORKPROJECT','31'),(15,'HOLDER_ORGANIZATION','1'),(15,'DISABLED','false'),(15,'PROJECT','32'),(15,'UPLOADED_BY','14'),(15,'FRAMEWORKPROJECT','32'),(16,'HOLDER_ORGANIZATION','1'),(16,'DISABLED','false'),(16,'PROJECT','34'),(16,'UPLOADED_BY','14'),(16,'FRAMEWORKPROJECT','34'),(17,'HOLDER_ORGANIZATION','1'),(17,'DISABLED','false'),(17,'PROJECT','35'),(17,'UPLOADED_BY','14'),(17,'FRAMEWORKPROJECT','35');
/*!40000 ALTER TABLE `document_tags` ENABLE KEYS */;
UNLOCK TABLES;
DROP TABLE IF EXISTS `bidding_request_approves`;
/*!40101 SET @saved_cs_client     = @@character_set_client */;
/*!40101 SET character_set_client = utf8 */;
CREATE TABLE `bidding_request_approves` (
  `id` bigint(20) NOT NULL AUTO_INCREMENT,
  `version` int(11) NOT NULL,
  `created_date` date DEFAULT NULL,
  `disabled` bit(1) NOT NULL,
  `last_updated` date DEFAULT NULL,
  `approveDate` datetime DEFAULT NULL,
  `approve_comment` longtext,
  `passed` bit(1) DEFAULT NULL,
  `creator_id` bigint(20) DEFAULT NULL,
  `last_updator` bigint(20) DEFAULT NULL,
  `approve_person_id` bigint(20) DEFAULT NULL,
  `bidding_request_id` bigint(20) DEFAULT NULL,
  PRIMARY KEY (`id`),
  KEY `FK49B1BABA93375513` (`bidding_request_id`),
  KEY `FK49B1BABA5312271B` (`last_updator`),
  KEY `FK49B1BABA9118F3D3` (`creator_id`),
  KEY `FK49B1BABAF2DA9D98` (`approve_person_id`),
  CONSTRAINT `FK49B1BABAF2DA9D98` FOREIGN KEY (`approve_person_id`) REFERENCES `persons` (`id`),
  CONSTRAINT `FK49B1BABA5312271B` FOREIGN KEY (`last_updator`) REFERENCES `persons` (`id`),
  CONSTRAINT `FK49B1BABA9118F3D3` FOREIGN KEY (`creator_id`) REFERENCES `persons` (`id`),
  CONSTRAINT `FK49B1BABA93375513` FOREIGN KEY (`bidding_request_id`) REFERENCES `bidding_requests` (`id`)
) ENGINE=InnoDB DEFAULT CHARSET=utf8;
/*!40101 SET character_set_client = @saved_cs_client */;

LOCK TABLES `bidding_request_approves` WRITE;
/*!40000 ALTER TABLE `bidding_request_approves` DISABLE KEYS */;
/*!40000 ALTER TABLE `bidding_request_approves` ENABLE KEYS */;
UNLOCK TABLES;
DROP TABLE IF EXISTS `log_records`;
/*!40101 SET @saved_cs_client     = @@character_set_client */;
/*!40101 SET character_set_client = utf8 */;
CREATE TABLE `log_records` (
  `id` bigint(20) NOT NULL AUTO_INCREMENT,
  `version` int(11) NOT NULL,
  `happen_date` datetime DEFAULT NULL,
  `operate` varchar(255) DEFAULT NULL,
  `party` varchar(255) DEFAULT NULL,
  `username` varchar(255) DEFAULT NULL,
  PRIMARY KEY (`id`)
) ENGINE=InnoDB DEFAULT CHARSET=utf8;
/*!40101 SET character_set_client = @saved_cs_client */;

LOCK TABLES `log_records` WRITE;
/*!40000 ALTER TABLE `log_records` DISABLE KEYS */;
/*!40000 ALTER TABLE `log_records` ENABLE KEYS */;
UNLOCK TABLES;
DROP TABLE IF EXISTS `receipts`;
/*!40101 SET @saved_cs_client     = @@character_set_client */;
/*!40101 SET character_set_client = utf8 */;
CREATE TABLE `receipts` (
  `id` bigint(20) NOT NULL AUTO_INCREMENT,
  `version` int(11) NOT NULL,
  `created_date` date DEFAULT NULL,
  `disabled` bit(1) NOT NULL,
  `last_updated` date DEFAULT NULL,
  `amount` decimal(19,2) DEFAULT NULL,
  `receipt_type` varchar(255) DEFAULT NULL,
  `received_date` date NOT NULL,
  `receipt_remark` longtext,
  `creator_id` bigint(20) DEFAULT NULL,
  `last_updator` bigint(20) DEFAULT NULL,
  `contract_id` bigint(20) DEFAULT NULL,
  `invoice_id` bigint(20) DEFAULT NULL,
  PRIMARY KEY (`id`),
  KEY `FKCFCBD53B90A7B3B2` (`invoice_id`),
  KEY `FKCFCBD53B305B1752` (`contract_id`),
  KEY `FKCFCBD53B5312271B` (`last_updator`),
  KEY `FKCFCBD53B9118F3D3` (`creator_id`),
  CONSTRAINT `FKCFCBD53B9118F3D3` FOREIGN KEY (`creator_id`) REFERENCES `persons` (`id`),
  CONSTRAINT `FKCFCBD53B305B1752` FOREIGN KEY (`contract_id`) REFERENCES `contracts` (`id`),
  CONSTRAINT `FKCFCBD53B5312271B` FOREIGN KEY (`last_updator`) REFERENCES `persons` (`id`),
  CONSTRAINT `FKCFCBD53B90A7B3B2` FOREIGN KEY (`invoice_id`) REFERENCES `invoices` (`id`)
) ENGINE=InnoDB DEFAULT CHARSET=utf8;
/*!40101 SET character_set_client = @saved_cs_client */;

LOCK TABLES `receipts` WRITE;
/*!40000 ALTER TABLE `receipts` DISABLE KEYS */;
/*!40000 ALTER TABLE `receipts` ENABLE KEYS */;
UNLOCK TABLES;
DROP TABLE IF EXISTS `projects`;
/*!40101 SET @saved_cs_client     = @@character_set_client */;
/*!40101 SET character_set_client = utf8 */;
CREATE TABLE `projects` (
  `category` varchar(31) NOT NULL,
  `id` bigint(20) NOT NULL AUTO_INCREMENT,
  `version` int(11) NOT NULL,
  `created_date` date DEFAULT NULL,
  `disabled` bit(1) NOT NULL,
  `last_updated` date DEFAULT NULL,
  `close_date` date DEFAULT NULL,
  `finish_date` date DEFAULT NULL,
  `name` varchar(255) NOT NULL,
  `pre_finish_date` date DEFAULT NULL,
  `project_number` varchar(255) DEFAULT NULL,
  `project_remark` longtext,
  `start_date` date DEFAULT NULL,
  `project_estimated_income` decimal(19,2) DEFAULT NULL,
  `project_gross_profit_margin` decimal(19,2) DEFAULT NULL,
  `project_gross_margin` decimal(19,2) DEFAULT NULL,
  `project_nature` varchar(255) DEFAULT NULL,
  `project_type` varchar(255) DEFAULT NULL,
  `address` varchar(255) DEFAULT NULL,
  `ap_type` varchar(255) DEFAULT NULL,
  `subproject_contractamount` decimal(19,2) DEFAULT NULL,
  `creator_id` bigint(20) DEFAULT NULL,
  `last_updator` bigint(20) DEFAULT NULL,
  `project_area_id` bigint(20) DEFAULT NULL,
  `project_responsible_division_id` bigint(20) DEFAULT NULL,
  `owner_org_id` bigint(20) DEFAULT NULL,
  `owner_contact_id` bigint(20) DEFAULT NULL,
  `specialtyProject_specialty_id` bigint(20) DEFAULT NULL,
  `specialtyProject_subproject_id` bigint(20) DEFAULT NULL,
  `specialtyProject_team_id` bigint(20) DEFAULT NULL,
  `specialtyProject_teamLeader_id` bigint(20) DEFAULT NULL,
  `subproject_project_id` bigint(20) DEFAULT NULL,
  PRIMARY KEY (`id`),
  KEY `FKC479187A2CF875EE` (`specialtyProject_specialty_id`),
  KEY `FKC479187AC9291F35` (`specialtyProject_teamLeader_id`),
  KEY `FKC479187A3B4895E4` (`project_area_id`),
  KEY `FKC479187ABD624937` (`specialtyProject_team_id`),
  KEY `FKC479187A5312271B` (`last_updator`),
  KEY `FKC479187A83F455D0` (`subproject_project_id`),
  KEY `FKC479187A9118F3D3` (`creator_id`),
  KEY `FKC479187AAF6E206B` (`owner_contact_id`),
  KEY `FKC479187A54939305` (`owner_org_id`),
  KEY `FKC479187A727DC086` (`specialtyProject_subproject_id`),
  KEY `FKC479187A7D11D5FE` (`project_responsible_division_id`),
  CONSTRAINT `FKC479187A7D11D5FE` FOREIGN KEY (`project_responsible_division_id`) REFERENCES `organizations` (`id`),
  CONSTRAINT `FKC479187A2CF875EE` FOREIGN KEY (`specialtyProject_specialty_id`) REFERENCES `specialties` (`id`),
  CONSTRAINT `FKC479187A3B4895E4` FOREIGN KEY (`project_area_id`) REFERENCES `areas` (`id`),
  CONSTRAINT `FKC479187A5312271B` FOREIGN KEY (`last_updator`) REFERENCES `persons` (`id`),
  CONSTRAINT `FKC479187A54939305` FOREIGN KEY (`owner_org_id`) REFERENCES `organizations` (`id`),
  CONSTRAINT `FKC479187A727DC086` FOREIGN KEY (`specialtyProject_subproject_id`) REFERENCES `projects` (`id`),
  CONSTRAINT `FKC479187A83F455D0` FOREIGN KEY (`subproject_project_id`) REFERENCES `projects` (`id`),
  CONSTRAINT `FKC479187A9118F3D3` FOREIGN KEY (`creator_id`) REFERENCES `persons` (`id`),
  CONSTRAINT `FKC479187AAF6E206B` FOREIGN KEY (`owner_contact_id`) REFERENCES `persons` (`id`),
  CONSTRAINT `FKC479187ABD624937` FOREIGN KEY (`specialtyProject_team_id`) REFERENCES `organizations` (`id`),
  CONSTRAINT `FKC479187AC9291F35` FOREIGN KEY (`specialtyProject_teamLeader_id`) REFERENCES `persons` (`id`)
) ENGINE=InnoDB AUTO_INCREMENT=36 DEFAULT CHARSET=utf8;
/*!40101 SET character_set_client = @saved_cs_client */;

LOCK TABLES `projects` WRITE;
/*!40000 ALTER TABLE `projects` DISABLE KEYS */;
INSERT INTO `projects` VALUES ('PROJECT',1,0,'2012-12-10','\0',NULL,NULL,NULL,'2012年广东铁通与广东移动清远有线接入网家庭客户接入设备工程第一阶段施工合同 ','2012-10-21','V1238K31','','2012-05-01',400000.00,NULL,NULL,NULL,'46',NULL,NULL,NULL,1,NULL,1531,85,66,NULL,NULL,NULL,NULL,NULL,NULL),('PROJECT',2,0,'2012-12-10','\0',NULL,NULL,NULL,'东莞移动2012年度本地传送网架空光缆施工合同 ','2013-06-01','RH-GD-DGYD2012002 ','','2012-03-01',2000000.00,NULL,NULL,NULL,'256',NULL,NULL,NULL,1,NULL,793,84,65,NULL,NULL,NULL,NULL,NULL,NULL),('PROJECT',3,0,'2012-12-10','\0',NULL,NULL,NULL,'东莞移动2012年度本地传送网架空光缆施工(日海)合同补充协议一 ','2013-02-20','RH-GD-DGYD2012004 ','','2012-05-15',2900000.00,NULL,NULL,NULL,'45',NULL,NULL,NULL,1,NULL,NULL,84,NULL,NULL,NULL,NULL,NULL,NULL,NULL),('PROJECT',4,0,'2012-12-10','\0',NULL,NULL,NULL,'2012年客户接入工程设备安装及线路施工工程 ','2013-03-10','RH-GD-CZLT2012002 ','','2012-03-01',900000.00,NULL,NULL,NULL,'46',NULL,NULL,NULL,1,NULL,2067,89,67,NULL,NULL,NULL,NULL,NULL,NULL),('PROJECT',5,0,'2012-12-10','\0',NULL,NULL,NULL,'江门移动2012年传送网工程光缆施工工程 ','2012-12-31','','','2012-02-01',6000000.00,22.00,1320000.00,NULL,'256',NULL,NULL,NULL,1,NULL,1427,21,59,NULL,NULL,NULL,NULL,NULL,NULL),('PROJECT',6,0,'2012-12-10','\0',NULL,NULL,NULL,'2012年中国联通广东移动基站传输接入工程管线工程第三批 ','2012-06-30','RH-GD-CZLT2012003 ','','2012-03-20',810000.00,NULL,NULL,NULL,'46',NULL,NULL,NULL,1,NULL,2067,89,67,NULL,NULL,NULL,NULL,NULL,NULL),('PROJECT',7,0,'2012-12-10','\0',NULL,NULL,NULL,'广州联通2012年管线工程',NULL,'','',NULL,8000000.00,16.00,1280000.00,NULL,'46',NULL,NULL,NULL,1,NULL,NULL,21,3,NULL,NULL,NULL,NULL,NULL,NULL),('PROJECT',8,0,'2012-12-10','\0',NULL,NULL,NULL,'江门联通2012年管线及客户接入设备安装工程','2012-12-31','','','2012-01-01',10000000.00,11.00,1100000.00,NULL,'46',NULL,NULL,NULL,1,NULL,NULL,21,14,NULL,NULL,NULL,NULL,NULL,NULL),('PROJECT',9,0,'2012-12-10','\0',NULL,NULL,NULL,'中国移动广东公司梅州分公司GSM16期和TD6期无线网主设备','2013-06-30','','','2012-04-01',2000000.00,NULL,NULL,NULL,'45',NULL,NULL,NULL,1,NULL,83,27,30,NULL,NULL,NULL,NULL,NULL,NULL),('PROJECT',10,0,'2012-12-10','\0',NULL,NULL,NULL,'2012年广东铁通与广东移动河源有线接入网集团专线/家庭客户接入设备工程（龙川区域）工程','2013-06-30','','','2012-04-01',3000000.00,NULL,NULL,NULL,'45',NULL,NULL,NULL,1,NULL,78,27,29,NULL,NULL,NULL,NULL,NULL,NULL),('PROJECT',11,0,'2012-12-10','\0',NULL,NULL,NULL,'肇庆移动2012年无线基站安装调测','2013-06-30','','','2012-04-01',2000000.00,NULL,NULL,NULL,'45',NULL,NULL,NULL,1,NULL,92,27,31,NULL,NULL,NULL,NULL,NULL,NULL),('PROJECT',12,0,'2012-12-10','\0',NULL,NULL,NULL,'梅州2012年集团专线接入设备施工建设项目','2013-06-30','','','2012-04-01',300000.00,NULL,NULL,NULL,'41',NULL,NULL,NULL,1,NULL,83,27,30,NULL,NULL,NULL,NULL,NULL,NULL),('PROJECT',13,0,'2012-12-10','\0',NULL,NULL,NULL,'梅州公司2012年家庭宽带客户端预 覆盖工程项目','2013-06-30','','','2012-04-01',1500000.00,NULL,NULL,NULL,'40',NULL,NULL,NULL,1,NULL,83,27,30,NULL,NULL,NULL,NULL,NULL,NULL),('PROJECT',14,0,'2012-12-10','\0',NULL,NULL,NULL,'2012年梅州本地传输网骨干及汇聚层设备、IP城域网、GPON骨干网施工项目','2013-06-30','','','2012-04-01',2000000.00,NULL,NULL,NULL,'46',NULL,NULL,NULL,1,NULL,83,27,30,NULL,NULL,NULL,NULL,NULL,NULL),('PROJECT',15,0,'2012-12-10','\0',NULL,NULL,NULL,'深圳移动GSM16期无线网主设备及配套电源安装调测施工（含TD）项目','2013-06-30','','','2012-04-01',10000000.00,NULL,NULL,NULL,'45',NULL,NULL,NULL,1,NULL,88,27,32,NULL,NULL,NULL,NULL,NULL,NULL),('PROJECT',16,0,'2012-12-10','\0',NULL,NULL,NULL,'深圳联通2012年传输一体化','2013-06-30','','','2012-04-01',12000000.00,NULL,NULL,NULL,'46',NULL,NULL,NULL,1,NULL,88,27,33,NULL,NULL,NULL,NULL,NULL,NULL),('PROJECT',17,0,'2012-12-10','\0',NULL,NULL,NULL,'网络设施委托委托修理项目框架协议 ','2013-05-30','RH-GD-CZLT2012004','','2012-03-20',200000.00,NULL,NULL,NULL,'46',NULL,NULL,NULL,1,NULL,2067,89,67,NULL,NULL,NULL,NULL,NULL,NULL),('PROJECT',18,0,'2012-12-10','\0',NULL,NULL,NULL,'广州铁通项目','2013-06-30','','','2012-04-01',1000000.00,NULL,NULL,NULL,'45',NULL,NULL,NULL,1,NULL,77,27,2,NULL,NULL,NULL,NULL,NULL,NULL),('PROJECT',19,0,'2012-12-10','\0',NULL,NULL,NULL,'中国移动通信集团广东有限公司清远分公司2012年有线接入网光缆工程第二批委托书施工项目','2012-10-10','C1238K11','','2012-05-01',43900.00,NULL,NULL,NULL,'46',NULL,NULL,NULL,1,NULL,1531,85,66,NULL,NULL,NULL,NULL,NULL,NULL),('PROJECT',20,0,'2012-12-10','\0',NULL,NULL,NULL,'中国移动通信集团广东有限公司清远分公司2012年有线接入网设备项目','2012-10-10','C1238K11','','2012-05-01',10000.00,NULL,NULL,NULL,'45',NULL,NULL,NULL,1,NULL,1531,85,66,NULL,NULL,NULL,NULL,NULL,NULL),('PROJECT',21,0,'2012-12-10','\0',NULL,NULL,NULL,'中国移动通信集团广东有限公司清远分公司2012年有线接入网光缆项目','2012-10-10','C1238K11','','2012-05-10',60000.00,NULL,NULL,NULL,'45',NULL,NULL,NULL,1,NULL,1531,85,2,NULL,NULL,NULL,NULL,NULL,NULL),('PROJECT',22,0,'2012-12-10','\0',NULL,NULL,NULL,'中国移动通信集团广东有限公司清远分公司2012年城域传送网管道项目','2012-10-30','C1238H31','','2012-05-10',130000.00,NULL,NULL,NULL,'46',NULL,NULL,NULL,1,NULL,1531,85,66,NULL,NULL,NULL,NULL,NULL,NULL),('PROJECT',23,0,'2012-12-10','\0',NULL,NULL,NULL,'清远移动2012年宽带接入驻地网项目','2012-12-31','RH-GD-QYYD2012001','','2012-03-01',588900.00,NULL,NULL,NULL,'42',NULL,NULL,NULL,1,NULL,NULL,85,66,NULL,NULL,NULL,NULL,NULL,NULL),('PROJECT',24,0,'2012-12-10','\0',NULL,NULL,NULL,'2012年中国联通广东本地综合接入工程','2013-06-20','RH-GD-SWLT2012006','','2012-08-01',50200.00,NULL,NULL,NULL,'46',NULL,NULL,NULL,1,NULL,595,91,108,NULL,NULL,NULL,NULL,NULL,NULL),('PROJECT',25,0,'2012-12-10','\0',NULL,NULL,NULL,'2012年中国联通广东移动基站传输接入工程管线工程第七批 ','2012-09-30','RH-GD-CZLT2012006 ','','2012-07-10',690000.00,NULL,NULL,NULL,'46',NULL,NULL,NULL,1,NULL,2067,89,67,NULL,NULL,NULL,NULL,NULL,NULL),('PROJECT',26,0,'2012-12-10','\0',NULL,NULL,NULL,'2012年中国联通广东移动基站传输接入工程','2012-12-31','RH-GD-SWLT2012005','','2012-08-01',307300.00,NULL,NULL,NULL,'10',NULL,NULL,NULL,1,NULL,595,91,108,NULL,NULL,NULL,NULL,NULL,NULL),('PROJECT',27,0,'2012-12-10','\0',NULL,NULL,NULL,'2012年中国联通广东汕尾宽带及数据客户商务楼宇接入新建工程','2012-12-31','RH-GD-SWLT2012004','','2012-07-01',103634.22,NULL,NULL,NULL,'41',NULL,NULL,NULL,1,NULL,595,91,108,NULL,NULL,NULL,NULL,NULL,NULL),('PROJECT',28,0,'2012-12-10','\0',NULL,NULL,NULL,'2012年中国联通广东汕尾宽带及数据客户综合接入新建（第一期）工程','2012-12-31','RH-GD-SWLT2012003','','2012-07-01',266051.41,NULL,NULL,NULL,'42',NULL,NULL,NULL,1,NULL,595,91,108,NULL,NULL,NULL,NULL,NULL,NULL),('PROJECT',29,0,'2012-12-10','\0',NULL,NULL,NULL,'2012年中国联通广东汕尾宽带及数据客户综合接入新建（第一期）工程','2012-12-31','RH-GD-SWLT2012002','','2012-05-01',544872.48,NULL,NULL,NULL,'42',NULL,NULL,NULL,1,NULL,595,91,108,NULL,NULL,NULL,NULL,NULL,NULL),('PROJECT',31,0,'2012-12-10','\0',NULL,NULL,NULL,'2012年中国联通广东移动基站传输接入工程管线工程第五批','2012-08-30','RH-GD-CZLT2012005','','2012-07-10',730000.00,NULL,NULL,NULL,'46',NULL,NULL,NULL,1,NULL,2067,89,67,NULL,NULL,NULL,NULL,NULL,NULL),('PROJECT',32,0,'2012-12-10','\0',NULL,NULL,NULL,'东莞移动2012年度本地传输网管道工程','2013-03-30','RH-GD-DGYD2012001','','2012-03-08',8900000.00,NULL,NULL,NULL,'46',NULL,NULL,NULL,1,NULL,793,90,65,NULL,NULL,NULL,NULL,NULL,NULL),('PROJECT',33,0,'2012-12-10','\0',NULL,NULL,NULL,'清远移动2012年宽带接入驻地网项目框架合同','2012-12-31','RH-GD-QYYD2012001','','2012-03-01',588900.00,NULL,NULL,NULL,'42',NULL,NULL,NULL,1,NULL,NULL,85,66,NULL,NULL,NULL,NULL,NULL,NULL),('PROJECT',34,0,'2012-12-10','\0',NULL,NULL,NULL,'2012年广东铁通与广东移动清远有线接入网家庭客户接入设备工程第一阶段','2012-12-31','RH-GD-QYYD2012002','','2012-07-07',383600.00,NULL,NULL,NULL,'42',NULL,NULL,NULL,1,NULL,1531,85,66,NULL,NULL,NULL,NULL,NULL,NULL),('PROJECT',35,0,'2012-12-10','\0',NULL,NULL,NULL,'荆门分公司2012年小区宽带工程','2012-12-31','RH-HB-JMTT2012001','','2012-04-01',500000.00,NULL,NULL,NULL,'45',NULL,NULL,NULL,1,NULL,2349,88,64,NULL,NULL,NULL,NULL,NULL,NULL);
/*!40000 ALTER TABLE `projects` ENABLE KEYS */;
UNLOCK TABLES;
DROP TABLE IF EXISTS `bidding_requests`;
/*!40101 SET @saved_cs_client     = @@character_set_client */;
/*!40101 SET character_set_client = utf8 */;
CREATE TABLE `bidding_requests` (
  `id` bigint(20) NOT NULL AUTO_INCREMENT,
  `version` int(11) NOT NULL,
  `created_date` date DEFAULT NULL,
  `disabled` bit(1) NOT NULL,
  `last_updated` date DEFAULT NULL,
  `content` longtext,
  `discount` varchar(255) DEFAULT NULL,
  `bidding_date` date DEFAULT NULL,
  `project_amount` decimal(19,2) DEFAULT NULL,
  `project_name` varchar(255) DEFAULT NULL,
  `release_date` date DEFAULT NULL,
  `end_date` date DEFAULT NULL,
  `start_date` date DEFAULT NULL,
  `creator_id` bigint(20) DEFAULT NULL,
  `last_updator` bigint(20) DEFAULT NULL,
  `owner_id` bigint(20) DEFAULT NULL,
  `release_person_id` bigint(20) DEFAULT NULL,
  PRIMARY KEY (`id`),
  KEY `FKF44988089AEDA1D2` (`release_person_id`),
  KEY `FKF44988085312271B` (`last_updator`),
  KEY `FKF44988089118F3D3` (`creator_id`),
  KEY `FKF449880897A6913D` (`owner_id`),
  CONSTRAINT `FKF449880897A6913D` FOREIGN KEY (`owner_id`) REFERENCES `organizations` (`id`),
  CONSTRAINT `FKF44988085312271B` FOREIGN KEY (`last_updator`) REFERENCES `persons` (`id`),
  CONSTRAINT `FKF44988089118F3D3` FOREIGN KEY (`creator_id`) REFERENCES `persons` (`id`),
  CONSTRAINT `FKF44988089AEDA1D2` FOREIGN KEY (`release_person_id`) REFERENCES `persons` (`id`)
) ENGINE=InnoDB DEFAULT CHARSET=utf8;
/*!40101 SET character_set_client = @saved_cs_client */;

LOCK TABLES `bidding_requests` WRITE;
/*!40000 ALTER TABLE `bidding_requests` DISABLE KEYS */;
/*!40000 ALTER TABLE `bidding_requests` ENABLE KEYS */;
UNLOCK TABLES;
DROP TABLE IF EXISTS `warn_event_tags`;
/*!40101 SET @saved_cs_client     = @@character_set_client */;
/*!40101 SET character_set_client = utf8 */;
CREATE TABLE `warn_event_tags` (
  `id` bigint(20) NOT NULL AUTO_INCREMENT,
  `version` int(11) NOT NULL,
  `tag_key` varchar(255) DEFAULT NULL,
  `tag_value` varchar(255) DEFAULT NULL,
  `warn_event_id` bigint(20) DEFAULT NULL,
  PRIMARY KEY (`id`),
  KEY `FK5A401DF746CA2DBD` (`warn_event_id`),
  CONSTRAINT `FK5A401DF746CA2DBD` FOREIGN KEY (`warn_event_id`) REFERENCES `warn_events` (`id`)
) ENGINE=InnoDB DEFAULT CHARSET=utf8;
/*!40101 SET character_set_client = @saved_cs_client */;

LOCK TABLES `warn_event_tags` WRITE;
/*!40000 ALTER TABLE `warn_event_tags` DISABLE KEYS */;
/*!40000 ALTER TABLE `warn_event_tags` ENABLE KEYS */;
UNLOCK TABLES;
DROP TABLE IF EXISTS `warn_events`;
/*!40101 SET @saved_cs_client     = @@character_set_client */;
/*!40101 SET character_set_client = utf8 */;
CREATE TABLE `warn_events` (
  `id` bigint(20) NOT NULL AUTO_INCREMENT,
  `version` int(11) NOT NULL,
  `is_push` bit(1) DEFAULT NULL,
  `trigger_person` varchar(255) DEFAULT NULL,
  `trigger_time` datetime DEFAULT NULL,
  `warn_event_type` varchar(255) DEFAULT NULL,
  PRIMARY KEY (`id`)
) ENGINE=InnoDB DEFAULT CHARSET=utf8;
/*!40101 SET character_set_client = @saved_cs_client */;

LOCK TABLES `warn_events` WRITE;
/*!40000 ALTER TABLE `warn_events` DISABLE KEYS */;
/*!40000 ALTER TABLE `warn_events` ENABLE KEYS */;
UNLOCK TABLES;
DROP TABLE IF EXISTS `users`;
/*!40101 SET @saved_cs_client     = @@character_set_client */;
/*!40101 SET character_set_client = utf8 */;
CREATE TABLE `users` (
  `CATEGORY` varchar(31) NOT NULL,
  `id` bigint(20) NOT NULL AUTO_INCREMENT,
  `version` int(11) NOT NULL,
  `account_expired` bit(1) DEFAULT NULL,
  `account_locked` bit(1) DEFAULT NULL,
  `credentials_expired` bit(1) DEFAULT NULL,
  `account_disabled` bit(1) DEFAULT NULL,
  `email` varchar(255) DEFAULT NULL,
  `mobile` varchar(255) DEFAULT NULL,
  `password` varchar(255) DEFAULT NULL,
  `phone_number` varchar(255) DEFAULT NULL,
  `username` varchar(255) NOT NULL,
  `person_id` bigint(20) DEFAULT NULL,
  PRIMARY KEY (`id`),
  UNIQUE KEY `username` (`username`),
  KEY `FK6A68E0871BC9C0A` (`person_id`),
  CONSTRAINT `FK6A68E0871BC9C0A` FOREIGN KEY (`person_id`) REFERENCES `persons` (`id`)
) ENGINE=InnoDB AUTO_INCREMENT=79 DEFAULT CHARSET=utf8;
/*!40101 SET character_set_client = @saved_cs_client */;

LOCK TABLES `users` WRITE;
/*!40000 ALTER TABLE `users` DISABLE KEYS */;
INSERT INTO `users` VALUES ('PERSON',14,1,'\0','\0','\0','\0',NULL,NULL,'7c4a8d09ca3762af61e59520943dc26494f8941b',NULL,'123456',1),('PERSON',18,7,'\0','\0','\0','\0',NULL,NULL,'7c4a8d09ca3762af61e59520943dc26494f8941b',NULL,'huangzhihua',5),('PERSON',19,0,'\0','\0','\0','\0',NULL,NULL,'7c4a8d09ca3762af61e59520943dc26494f8941b',NULL,'zhanshengyan',6),('PERSON',20,0,'\0','\0','\0','\0',NULL,NULL,'7c4a8d09ca3762af61e59520943dc26494f8941b',NULL,'xiaojianbo',7),('PERSON',25,4,'\0','\0','\0','\0',NULL,NULL,'7c4a8d09ca3762af61e59520943dc26494f8941b',NULL,'gonghui',17),('PERSON',26,0,'\0','\0','\0','\0',NULL,NULL,'7c4a8d09ca3762af61e59520943dc26494f8941b',NULL,'wuyong',22),('PERSON',27,0,'\0','\0','\0','\0',NULL,NULL,'7c4a8d09ca3762af61e59520943dc26494f8941b',NULL,'huanghuansheng',23),('PERSON',28,0,'\0','\0','\0','\0',NULL,NULL,'7c4a8d09ca3762af61e59520943dc26494f8941b',NULL,'yihanxia',24),('PERSON',29,26,'\0','\0','\0','\0',NULL,NULL,'7c4a8d09ca3762af61e59520943dc26494f8941b',NULL,'liaoweili',25),('PERSON',30,0,'\0','\0','\0','\0',NULL,NULL,'7c4a8d09ca3762af61e59520943dc26494f8941b',NULL,'liliangwei',26),('PERSON',31,2,'\0','\0','\0','\0',NULL,NULL,'7c4a8d09ca3762af61e59520943dc26494f8941b',NULL,'xiaomohan',27),('PERSON',32,2,'\0','\0','\0','\0',NULL,NULL,'7c4a8d09ca3762af61e59520943dc26494f8941b',NULL,'huangbinyu',28),('PERSON',33,1,'\0','\0','\0','\0',NULL,NULL,'7c4a8d09ca3762af61e59520943dc26494f8941b',NULL,'liangwanping',29),('PERSON',34,1,'\0','\0','\0','\0',NULL,NULL,'7c4a8d09ca3762af61e59520943dc26494f8941b',NULL,'yijiangxia',30),('PERSON',35,3,'\0','\0','\0','\0',NULL,NULL,'7c4a8d09ca3762af61e59520943dc26494f8941b',NULL,'zhouminghong',31),('PERSON',36,6,'\0','\0','\0','\0',NULL,NULL,'7c4a8d09ca3762af61e59520943dc26494f8941b',NULL,'liruirong',32),('PERSON',37,3,'\0','\0','\0','\0',NULL,NULL,'7c4a8d09ca3762af61e59520943dc26494f8941b',NULL,'maolongqiang',33),('PERSON',44,0,'\0','\0','\0','\0',NULL,NULL,'7c4a8d09ca3762af61e59520943dc26494f8941b',NULL,'liuxiangrong',34),('PERSON',46,0,'\0','\0','\0','\0',NULL,NULL,'7c4a8d09ca3762af61e59520943dc26494f8941b',NULL,'yangdeen',62),('PERSON',47,2,'\0','\0','\0','\0',NULL,NULL,'7c4a8d09ca3762af61e59520943dc26494f8941b',NULL,'xuweihong',63),('PERSON',48,0,'\0','\0','\0','\0',NULL,NULL,'7c4a8d09ca3762af61e59520943dc26494f8941b',NULL,'lipeishan',21),('PERSON',49,0,'\0','\0','\0','\0',NULL,NULL,'7c4a8d09ca3762af61e59520943dc26494f8941b',NULL,'yanghui',20),('PERSON',50,1,'\0','\0','\0','\0',NULL,NULL,'7c4a8d09ca3762af61e59520943dc26494f8941b',NULL,'liyu',61),('PERSON',51,0,'\0','\0','\0','\0',NULL,NULL,'7c4a8d09ca3762af61e59520943dc26494f8941b',NULL,'tianfucai',19),('PERSON',53,0,'\0','\0','\0','\0',NULL,NULL,'7c4a8d09ca3762af61e59520943dc26494f8941b',NULL,'liyuanguang',65),('PERSON',55,1,'\0','\0','\0','\0',NULL,NULL,'7c4a8d09ca3762af61e59520943dc26494f8941b',NULL,'liqingming',67),('PERSON',56,1,'\0','\0','\0','\0',NULL,NULL,'7c4a8d09ca3762af61e59520943dc26494f8941b',NULL,'xiaoyangfei',68),('PERSON',57,2,'\0','\0','\0','\0',NULL,NULL,'7c4a8d09ca3762af61e59520943dc26494f8941b',NULL,'gaowenwei',69),('PERSON',58,2,'\0','\0','\0','\0',NULL,NULL,'7c4a8d09ca3762af61e59520943dc26494f8941b',NULL,'lihuantang',70),('PERSON',59,4,'\0','\0','\0','\0',NULL,NULL,'7c4a8d09ca3762af61e59520943dc26494f8941b',NULL,'sunxiaotao',71),('PERSON',66,0,'\0','\0','\0','\0','','','7c4a8d09ca3762af61e59520943dc26494f8941b','','xieweiyu',18),('PERSON',67,0,'\0','\0','\0','\0','','','7c4a8d09ca3762af61e59520943dc26494f8941b','','niuxiaofeng',98),('PERSON',68,0,'\0','\0','\0','\0',NULL,NULL,'7c4a8d09ca3762af61e59520943dc26494f8941b',NULL,'sunsea-admin',137),('PERSON',69,0,'\0','\0','\0','\0',NULL,NULL,'7c4a8d09ca3762af61e59520943dc26494f8941b',NULL,'cq-admin',138),('PERSON',70,0,'\0','\0','\0','\0',NULL,NULL,'7c4a8d09ca3762af61e59520943dc26494f8941b',NULL,'guiz-admin',139),('PERSON',71,0,'\0','\0','\0','\0',NULL,NULL,'7c4a8d09ca3762af61e59520943dc26494f8941b',NULL,'yn-admin',140),('PERSON',72,0,'\0','\0','\0','\0',NULL,NULL,'7c4a8d09ca3762af61e59520943dc26494f8941b',NULL,'cs-admin',141),('PERSON',73,0,'\0','\0','\0','\0',NULL,NULL,'7c4a8d09ca3762af61e59520943dc26494f8941b',NULL,'hn-admin',142),('PERSON',74,0,'\0','\0','\0','\0',NULL,NULL,'7c4a8d09ca3762af61e59520943dc26494f8941b',NULL,'gx-admin',143),('PERSON',75,0,'\0','\0','\0','\0',NULL,NULL,'7c4a8d09ca3762af61e59520943dc26494f8941b',NULL,'gz-admin',144),('PERSON',76,0,'\0','\0','\0','\0',NULL,NULL,'7c4a8d09ca3762af61e59520943dc26494f8941b',NULL,'xj-admin',145),('PERSON',77,0,'\0','\0','\0','\0',NULL,NULL,'7c4a8d09ca3762af61e59520943dc26494f8941b',NULL,'ah-admin',146),('PERSON',78,0,'\0','\0','\0','\0',NULL,NULL,'7c4a8d09ca3762af61e59520943dc26494f8941b',NULL,'wh-admin',147);
/*!40000 ALTER TABLE `users` ENABLE KEYS */;
UNLOCK TABLES;
DROP TABLE IF EXISTS `contracts`;
/*!40101 SET @saved_cs_client     = @@character_set_client */;
/*!40101 SET character_set_client = utf8 */;
CREATE TABLE `contracts` (
  `category` varchar(31) NOT NULL,
  `id` bigint(20) NOT NULL AUTO_INCREMENT,
  `version` int(11) NOT NULL,
  `created_date` date DEFAULT NULL,
  `disabled` bit(1) NOT NULL,
  `last_updated` date DEFAULT NULL,
  `contractCategory` varchar(255) DEFAULT NULL,
  `contract_name` varchar(255) DEFAULT NULL,
  `discount` longtext,
  `generalContractAmount` decimal(19,2) DEFAULT NULL,
  `general_settlement_amount` decimal(19,2) DEFAULT NULL,
  `remark` longtext,
  `serial_number` varchar(255) DEFAULT NULL,
  `sign_date` date DEFAULT NULL,
  `subcontractAmount` decimal(19,2) DEFAULT NULL,
  `subcontract_ratio` decimal(19,2) DEFAULT NULL,
  `subcontract_settlement_amount` decimal(19,2) DEFAULT NULL,
  `creator_id` bigint(20) DEFAULT NULL,
  `last_updator` bigint(20) DEFAULT NULL,
  `part_a_org` bigint(20) DEFAULT NULL,
  `part_a_person` bigint(20) DEFAULT NULL,
  `part_b_org` bigint(20) DEFAULT NULL,
  `part_b_person` bigint(20) DEFAULT NULL,
  `project_id` bigint(20) DEFAULT NULL,
  `singlecontract_frameworkcontract_id` bigint(20) DEFAULT NULL,
  `subcontract_cheng_bao_id` bigint(20) DEFAULT NULL,
  PRIMARY KEY (`id`),
  KEY `FKE86D11A1E6E3392F` (`singlecontract_frameworkcontract_id`),
  KEY `FKE86D11A19A614A5D` (`part_a_org`),
  KEY `FKE86D11A15213D984` (`subcontract_cheng_bao_id`),
  KEY `FKE86D11A13DF356AA` (`project_id`),
  KEY `FKE86D11A1B18F5663` (`part_b_person`),
  KEY `FKE86D11A19A6F61DE` (`part_b_org`),
  KEY `FKE86D11A15312271B` (`last_updator`),
  KEY `FKE86D11A19118F3D3` (`creator_id`),
  KEY `FKE86D11A149AE2984` (`part_a_person`),
  CONSTRAINT `FKE86D11A149AE2984` FOREIGN KEY (`part_a_person`) REFERENCES `persons` (`id`),
  CONSTRAINT `FKE86D11A13DF356AA` FOREIGN KEY (`project_id`) REFERENCES `projects` (`id`),
  CONSTRAINT `FKE86D11A15213D984` FOREIGN KEY (`subcontract_cheng_bao_id`) REFERENCES `contracts` (`id`),
  CONSTRAINT `FKE86D11A15312271B` FOREIGN KEY (`last_updator`) REFERENCES `persons` (`id`),
  CONSTRAINT `FKE86D11A19118F3D3` FOREIGN KEY (`creator_id`) REFERENCES `persons` (`id`),
  CONSTRAINT `FKE86D11A19A614A5D` FOREIGN KEY (`part_a_org`) REFERENCES `organizations` (`id`),
  CONSTRAINT `FKE86D11A19A6F61DE` FOREIGN KEY (`part_b_org`) REFERENCES `organizations` (`id`),
  CONSTRAINT `FKE86D11A1B18F5663` FOREIGN KEY (`part_b_person`) REFERENCES `persons` (`id`),
  CONSTRAINT `FKE86D11A1E6E3392F` FOREIGN KEY (`singlecontract_frameworkcontract_id`) REFERENCES `contracts` (`id`)
) ENGINE=InnoDB DEFAULT CHARSET=utf8;
/*!40101 SET character_set_client = @saved_cs_client */;

LOCK TABLES `contracts` WRITE;
/*!40000 ALTER TABLE `contracts` DISABLE KEYS */;
/*!40000 ALTER TABLE `contracts` ENABLE KEYS */;
UNLOCK TABLES;
DROP TABLE IF EXISTS `outputvalue_reporter`;
/*!40101 SET @saved_cs_client     = @@character_set_client */;
/*!40101 SET character_set_client = utf8 */;
CREATE TABLE `outputvalue_reporter` (
  `id` bigint(20) NOT NULL AUTO_INCREMENT,
  `version` int(11) NOT NULL,
  `reportDate` date DEFAULT NULL,
  `outputvalue_id` bigint(20) DEFAULT NULL,
  `reporter_id` bigint(20) DEFAULT NULL,
  PRIMARY KEY (`id`),
  KEY `FKADCF5730308356FE` (`reporter_id`),
  KEY `FKADCF5730C2A4472A` (`outputvalue_id`),
  CONSTRAINT `FKADCF5730C2A4472A` FOREIGN KEY (`outputvalue_id`) REFERENCES `output_values` (`id`),
  CONSTRAINT `FKADCF5730308356FE` FOREIGN KEY (`reporter_id`) REFERENCES `persons` (`id`)
) ENGINE=InnoDB DEFAULT CHARSET=utf8;
/*!40101 SET character_set_client = @saved_cs_client */;

LOCK TABLES `outputvalue_reporter` WRITE;
/*!40000 ALTER TABLE `outputvalue_reporter` DISABLE KEYS */;
/*!40000 ALTER TABLE `outputvalue_reporter` ENABLE KEYS */;
UNLOCK TABLES;
DROP TABLE IF EXISTS `role_permission`;
/*!40101 SET @saved_cs_client     = @@character_set_client */;
/*!40101 SET character_set_client = utf8 */;
CREATE TABLE `role_permission` (
  `role_id` bigint(20) NOT NULL,
  `permission_id` bigint(20) NOT NULL,
  PRIMARY KEY (`role_id`,`permission_id`),
  KEY `FKBD40D538488C586A` (`role_id`),
  KEY `FKBD40D5387A5319CA` (`permission_id`),
  CONSTRAINT `FKBD40D5387A5319CA` FOREIGN KEY (`permission_id`) REFERENCES `permissions` (`id`),
  CONSTRAINT `FKBD40D538488C586A` FOREIGN KEY (`role_id`) REFERENCES `roles` (`id`)
) ENGINE=InnoDB DEFAULT CHARSET=utf8;
/*!40101 SET character_set_client = @saved_cs_client */;

LOCK TABLES `role_permission` WRITE;
/*!40000 ALTER TABLE `role_permission` DISABLE KEYS */;
INSERT INTO `role_permission` VALUES (1,1),(1,2),(1,3),(1,4),(1,5),(1,6),(1,7),(1,8),(1,9),(1,10),(1,11),(1,12),(1,13),(1,14),(1,15),(1,16),(1,17),(1,18),(1,19),(1,20),(1,21),(1,22),(1,23),(1,24),(1,25),(1,26),(1,27),(1,28),(1,29),(1,30),(1,31),(1,32),(1,33),(1,34),(1,35),(1,36),(1,37),(1,38),(1,39),(1,40),(1,41),(1,42),(1,43),(1,44),(1,45),(1,46),(1,47),(1,48),(1,49),(1,50),(1,51),(1,52),(1,53),(1,54),(1,55),(1,56),(1,57),(1,58),(1,59),(1,60),(1,61),(1,62),(1,63),(1,64),(1,65),(1,66),(1,67),(1,68),(1,69),(1,70),(1,71),(1,72),(1,73),(1,74),(1,75),(1,76),(1,77),(1,78),(1,79),(1,80),(1,81),(1,82),(1,83),(1,84),(1,85),(1,86),(1,87),(1,88),(1,89),(1,90),(1,91),(1,92),(1,93),(1,94),(1,95),(1,96),(1,97),(1,98),(1,99),(1,100),(1,101),(1,102),(1,103),(1,104),(1,105),(1,106),(1,107),(1,108),(1,109),(1,110),(1,111),(1,112),(1,113),(1,114),(1,115),(1,116),(1,117),(1,118),(1,119),(1,120),(1,121),(1,122),(1,123),(1,124),(1,125),(1,126),(1,127),(1,128),(1,129),(1,130),(1,131),(1,132),(1,133),(1,134),(1,135),(1,136),(1,137),(1,138),(1,139),(1,140),(1,141),(1,142),(1,143),(1,144),(1,145),(1,146),(2,1),(2,2),(2,3),(2,4),(2,9),(2,11),(2,12),(2,14),(2,15),(2,17),(2,18),(2,20),(2,21),(2,23),(2,24),(2,26),(2,27),(2,29),(2,40),(2,41),(2,42),(2,43),(2,45),(2,46),(2,48),(2,49),(2,51),(2,52),(2,53),(2,54),(2,60),(2,68),(2,69),(2,72),(2,73),(2,77),(2,80),(2,81),(2,83),(2,84),(2,85),(2,87),(2,88),(2,91),(2,93),(2,95),(2,96),(2,100),(2,102),(2,103),(2,104),(2,108),(2,110),(2,111),(2,115),(2,117),(2,118),(2,122),(2,124),(2,125),(2,126),(2,127),(2,128),(2,129),(2,130),(2,131),(3,1),(3,2),(3,3),(3,4),(3,9),(3,11),(3,12),(3,14),(3,15),(3,17),(3,18),(3,20),(3,21),(3,23),(3,24),(3,26),(3,27),(3,29),(3,40),(3,41),(3,45),(3,46),(3,48),(3,49),(3,51),(3,52),(3,53),(3,54),(3,60),(3,68),(3,69),(3,71),(3,72),(3,73),(3,77),(3,80),(3,81),(3,83),(3,84),(3,85),(3,87),(3,88),(3,91),(3,93),(3,95),(3,96),(3,100),(3,102),(3,103),(3,104),(3,105),(3,106),(3,107),(3,108),(3,109),(3,110),(3,111),(3,112),(3,113),(3,114),(3,115),(3,116),(3,117),(3,118),(3,119),(3,120),(3,121),(3,122),(3,123),(3,124),(3,125),(3,127),(4,1),(4,2),(4,3),(4,4),(4,9),(4,11),(4,12),(4,14),(4,15),(4,17),(4,18),(4,20),(4,21),(4,23),(4,24),(4,26),(4,27),(4,29),(4,40),(4,42),(4,43),(4,45),(4,46),(4,48),(4,49),(4,51),(4,52),(4,53),(4,54),(4,60),(4,68),(4,69),(4,70),(4,72),(4,73),(4,74),(4,75),(4,76),(4,77),(4,78),(4,79),(4,80),(4,81),(4,83),(4,84),(4,85),(4,86),(4,87),(4,88),(4,89),(4,90),(4,91),(4,92),(4,93),(4,94),(4,102),(4,103),(4,104),(4,105),(4,106),(4,107),(4,108),(4,109),(4,110),(4,111),(4,112),(4,113),(4,114),(4,115),(4,116),(4,117),(4,118),(4,119),(4,120),(4,121),(4,122),(4,123),(5,1),(5,2),(5,3),(5,4),(5,9),(5,11),(5,12),(5,14),(5,15),(5,17),(5,18),(5,20),(5,21),(5,23),(5,24),(5,26),(5,27),(5,29),(5,40),(5,42),(5,43),(5,45),(5,46),(5,48),(5,49),(5,51),(5,52),(5,53),(5,54),(5,60),(5,68),(5,69),(5,70),(5,72),(5,73),(5,74),(5,75),(5,76),(5,77),(5,78),(5,80),(5,81),(5,82),(5,83),(5,84),(5,85),(5,86),(5,87),(5,88),(5,89),(5,90),(5,92),(5,94),(6,1),(6,2),(6,3),(6,4),(6,9),(6,11),(6,12),(6,14),(6,15),(6,17),(6,18),(6,20),(6,21),(6,23),(6,24),(6,26),(6,27),(6,29),(6,40),(6,44),(6,46),(6,48),(6,49),(6,51),(6,52),(6,53),(6,68),(6,69),(6,70),(6,72),(6,73),(6,74),(6,75),(6,96),(6,97),(6,99),(6,100),(6,101),(6,102),(6,103),(6,104),(6,105),(6,106),(6,107),(6,108),(6,109),(6,110),(6,111),(6,112),(6,113),(6,114),(6,115),(6,116),(6,117),(6,118),(6,119),(6,120),(6,121),(6,122),(6,123),(7,1),(7,2),(7,3),(7,4),(7,5),(7,6),(7,7),(7,8),(7,9),(7,10),(7,11),(7,12),(7,13),(7,14),(7,15),(7,16),(7,17),(7,18),(7,19),(7,20),(7,21),(7,22),(7,23),(7,24),(7,25),(7,26),(7,27),(7,28),(7,29),(7,30),(7,31),(7,34),(7,35),(7,46),(7,48),(7,49),(7,51),(7,52),(7,53),(7,54),(7,60),(8,1),(8,2),(8,3),(8,4),(8,6),(8,7),(8,8),(8,9),(8,11),(8,12),(8,14),(8,15),(8,17),(8,18),(8,20),(8,21),(8,23),(8,24),(8,26),(8,27),(8,29),(8,40),(8,41),(8,46),(8,48),(8,49),(8,50),(8,51),(8,52),(8,53),(8,54),(8,60),(8,68),(8,69),(8,72),(8,73),(8,77),(8,80),(8,83),(8,84),(8,87),(8,88),(8,91),(8,96),(8,100),(8,102),(8,103),(8,104),(8,108),(8,110),(8,111),(8,115),(8,117),(8,118),(8,122),(8,124),(8,125),(8,127),(8,129),(8,130),(8,131),(9,1),(9,2),(9,3),(9,4),(9,5),(9,6),(9,7),(9,8),(9,9),(9,11),(9,12),(9,14),(9,15),(9,17),(9,18),(9,20),(9,21),(9,23),(9,24),(9,26),(9,27),(9,29),(9,40),(9,41),(9,45),(9,46),(9,48),(9,49),(9,51),(9,52),(9,53),(9,54),(9,60),(9,68),(9,69),(9,71),(9,72),(9,73),(9,77),(9,80),(9,81),(9,83),(9,84),(9,85),(9,88),(9,91),(9,93),(9,95),(9,96),(9,100),(9,102),(9,103),(9,104),(9,105),(9,106),(9,107),(9,108),(9,109),(9,110),(9,111),(9,112),(9,113),(9,114),(9,115),(9,116),(9,117),(9,118),(9,119),(9,120),(9,121),(9,122),(9,123),(9,124),(9,125),(9,126),(9,127),(9,129),(9,130),(9,131);
/*!40000 ALTER TABLE `role_permission` ENABLE KEYS */;
UNLOCK TABLES;
DROP TABLE IF EXISTS `organization_leaders`;
/*!40101 SET @saved_cs_client     = @@character_set_client */;
/*!40101 SET character_set_client = utf8 */;
CREATE TABLE `organization_leaders` (
  `id` bigint(20) NOT NULL AUTO_INCREMENT,
  `version` int(11) NOT NULL,
  `organization_id` bigint(20) DEFAULT NULL,
  `person_id` bigint(20) DEFAULT NULL,
  PRIMARY KEY (`id`),
  KEY `FK363A0D7EF929534A` (`organization_id`),
  KEY `FK363A0D7E71BC9C0A` (`person_id`),
  CONSTRAINT `FK363A0D7E71BC9C0A` FOREIGN KEY (`person_id`) REFERENCES `persons` (`id`),
  CONSTRAINT `FK363A0D7EF929534A` FOREIGN KEY (`organization_id`) REFERENCES `organizations` (`id`)
) ENGINE=InnoDB DEFAULT CHARSET=utf8;
/*!40101 SET character_set_client = @saved_cs_client */;

LOCK TABLES `organization_leaders` WRITE;
/*!40000 ALTER TABLE `organization_leaders` DISABLE KEYS */;
/*!40000 ALTER TABLE `organization_leaders` ENABLE KEYS */;
UNLOCK TABLES;
DROP TABLE IF EXISTS `project_approves`;
/*!40101 SET @saved_cs_client     = @@character_set_client */;
/*!40101 SET character_set_client = utf8 */;
CREATE TABLE `project_approves` (
  `id` bigint(20) NOT NULL AUTO_INCREMENT,
  `version` int(11) NOT NULL,
  `approve_date` date DEFAULT NULL,
  `comments` longtext,
  `pass` bit(1) NOT NULL,
  `approve_person_id` bigint(20) DEFAULT NULL,
  `project_id` bigint(20) DEFAULT NULL,
  PRIMARY KEY (`id`),
  KEY `FKFFCAB92C3DF356AA` (`project_id`),
  KEY `FKFFCAB92CF2DA9D98` (`approve_person_id`),
  CONSTRAINT `FKFFCAB92CF2DA9D98` FOREIGN KEY (`approve_person_id`) REFERENCES `persons` (`id`),
  CONSTRAINT `FKFFCAB92C3DF356AA` FOREIGN KEY (`project_id`) REFERENCES `projects` (`id`)
) ENGINE=InnoDB DEFAULT CHARSET=utf8;
/*!40101 SET character_set_client = @saved_cs_client */;

LOCK TABLES `project_approves` WRITE;
/*!40000 ALTER TABLE `project_approves` DISABLE KEYS */;
/*!40000 ALTER TABLE `project_approves` ENABLE KEYS */;
UNLOCK TABLES;
DROP TABLE IF EXISTS `warn_event_subscriptions`;
/*!40101 SET @saved_cs_client     = @@character_set_client */;
/*!40101 SET character_set_client = utf8 */;
CREATE TABLE `warn_event_subscriptions` (
  `id` bigint(20) NOT NULL AUTO_INCREMENT,
  `version` int(11) NOT NULL,
  `subscribe_person` varchar(255) DEFAULT NULL,
  `warn_event_type` varchar(255) DEFAULT NULL,
  PRIMARY KEY (`id`)
) ENGINE=InnoDB AUTO_INCREMENT=6 DEFAULT CHARSET=utf8;
/*!40101 SET character_set_client = @saved_cs_client */;

LOCK TABLES `warn_event_subscriptions` WRITE;
/*!40000 ALTER TABLE `warn_event_subscriptions` DISABLE KEYS */;
INSERT INTO `warn_event_subscriptions` VALUES (1,1,'123456','GROSS_MARGIN_WARN_EVENT'),(2,1,'123456','EXPENDITURE_WARN_EVENT'),(3,1,'123456','RECEIPT_EVENT'),(4,1,'123456','APPLY_REMIND_EVENT'),(5,1,'123456','PROJECT_APPROVAL_REMIND_EVENT');
/*!40000 ALTER TABLE `warn_event_subscriptions` ENABLE KEYS */;
UNLOCK TABLES;
DROP TABLE IF EXISTS `permissions`;
/*!40101 SET @saved_cs_client     = @@character_set_client */;
/*!40101 SET character_set_client = utf8 */;
CREATE TABLE `permissions` (
  `id` bigint(20) NOT NULL AUTO_INCREMENT,
  `version` int(11) NOT NULL,
  `description` varchar(255) DEFAULT NULL,
  `name` varchar(255) NOT NULL,
  `sort_order` int(11) DEFAULT NULL,
  PRIMARY KEY (`id`),
  UNIQUE KEY `name` (`name`)
) ENGINE=InnoDB AUTO_INCREMENT=147 DEFAULT CHARSET=utf8;
/*!40101 SET character_set_client = @saved_cs_client */;

LOCK TABLES `permissions` WRITE;
/*!40000 ALTER TABLE `permissions` DISABLE KEYS */;
INSERT INTO `permissions` VALUES (1,0,'系统管理','admin',1),(2,1,'单位管理','organizationMgmt',1),(3,1,'组织机构管理','institutionalFramework',1),(4,1,'查看组织机构','institution:view',1),(5,1,'编辑组织机构','institution:edit',2),(6,1,'添加下级机构','subInstitution:add',3),(7,1,'撤销组织机构','institution:disable',4),(8,1,'恢复组织机构','institution:enable',5),(9,1,'业主单位管理','ownerOrganizationMgmt',2),(10,1,'编辑业主单位信息','ownerOrganization:edit',1),(11,1,'查看业主单位信息','ownerOrganization:view',2),(12,1,'监理单位管理','supervisorOrganizationMgmt',3),(13,1,'编辑监理单位信息','supervisorOrganization:edit',1),(14,1,'查看监理单位信息','supervisorOrganization:view',2),(15,1,'设计单位管理','designerOrganizationMgmt',4),(16,1,'编辑设计单位信息','designerOrganization:edit',1),(17,1,'查看设计单位信息','designerOrganization:view',2),(18,1,'合作单位管理','constructteamOrganizationMgmt',5),(19,1,'编辑合作单位信息','constructteamOrganization:edit',1),(20,1,'查看合作单位信息','constructteamOrganization:view',2),(21,1,'发包商管理','partyAwardingMgmt',6),(22,1,'编辑发包商信息','partyAwarding:edit',1),(23,1,'查看发包商信息','partyAwarding:view',2),(24,1,'组织机构人员管理','personMgmt',2),(25,1,'编辑组织机构人员信息','person:edit',1),(26,1,'查看组织机构人员信息','person:view',2),(27,1,'外部机构人员管理','externalOrgPersonMgmt',3),(28,1,'编辑外部机构人员信息','exterOrgPerson:edit',1),(29,1,'查看外部机构人员信息','exterOrgPerson:view',2),(30,1,'权限管理','security',4),(31,1,'用户管理','userMgmt',1),(32,1,'查看用户信息','user:view',1),(33,1,'编辑用户信息','user:edit',2),(34,1,'修改用户密码','user:changePassword',3),(35,1,'角色指派','user:assignRoles',4),(36,1,'角色管理','roleMgmt',2),(37,1,'编辑角色信息','role:edit',1),(38,1,'查看角色信息','role:view',2),(39,1,'权限指派','role:grantPerms',3),(40,1,'告警订阅','alarmSubscribe',5),(41,1,'毛利率告警','grossProfit',1),(42,1,'支出告警','expenditure:subscribe',2),(43,1,'开票后款未到提醒','receipt:subscribe',3),(44,1,'报名提醒','applyRemind:subscribe',4),(45,1,'项目审批提醒','projectApprovalRemind:subscribe',5),(46,1,'字典管理','dictionaryMgmt',6),(47,1,'编辑字典信息','dictionary:edit',1),(48,1,'查看字典信息','dictionary:view',2),(49,1,'专业管理','specialtyMgmt',7),(50,1,'编辑专业信息','specialty:edit',1),(51,1,'查看专业信息','specialty:view',2),(52,1,'修改个人资料','modifyPersonnalInfo',8),(53,1,'修改个人密码','modifyUserPwd',9),(54,1,'警告管理','warnEventMgmt',10),(55,1,'设置毛利率告警','grossProfitWarnEvent:edit',1),(56,1,'设置支出告警','expenditureWarnEvent:edit',2),(57,1,'设置开票后款未到提醒','receiptEvent:edit',3),(58,1,'设置报名提醒','applyRemindEvent:edit',4),(59,1,'设置项目审批提醒','projectApprovalRemind:edit',5),(60,1,'查看警告','warnEvent:view',6),(61,0,'证照查询','licenseQueryMgmt',2),(62,1,'单位证照查询','licenseQuery:organization',1),(63,1,'编辑单位证照','licenseQuery:editOrganization',2),(64,1,'编辑组织机构证照','licenseQuery:editHostOrganization',3),(65,1,'人员证照查询','licenseQuery:person',4),(66,1,'编辑人员证照','licenseQuery:editPerson',5),(67,1,'编辑组织机构人员证照','licenseQuery:editHostPerson',6),(68,0,'项目管理','projectMgmt',3),(69,1,'基本操作','basicOperation',1),(70,1,'立项','project:establish',1),(71,1,'立项审批','project:approve',2),(72,1,'项目搜索','project:search',3),(73,1,'查看项目信息','project:view',4),(74,1,'编辑项目','project:edit',5),(75,1,'删除项目','project:remove',6),(76,1,'新建单点工程','subProject:add',7),(77,1,'查看单点工程','subProject:view',8),(78,1,'编辑单点工程','subProject:edit',9),(79,1,'撤销项目','project:cancel',10),(80,1,'月度预算管理','monthlyBugetMgmt',2),(81,1,'查看月度预算','monthlyBuget:view',1),(82,1,'申请月度预算','monthlyBuget:apply',2),(83,1,'审批月度预算','monthlyBuget:approve',3),(84,1,'单项项目管理','singleProjectMgmt',3),(85,1,'查看单项项目','singleProject:view',1),(86,1,'新建单项项目','singleProject:add',2),(87,1,'设置单点合同金额','singleContractMoney:set',3),(88,1,'产值与款项','outputAndMoney',4),(89,1,'汇报产值','reportOutput:add',1),(90,1,'添加分包付款','subcontractPayments:apply',2),(91,1,'分包付款审批','subcontractPayments:approve',3),(92,1,'添加收款','receipts:add',4),(93,1,'查看回款率','remittanceRate:view',5),(94,1,'汇报实际支出','reportSpeding:add',6),(95,1,'查看毛利润','grossProfit:view',7),(96,0,'招投标','biddingMgmt',4),(97,1,'发起投标请求','biddingRequest:add',1),(98,1,'审批投标请求','biddingRequest:approve',2),(99,1,'报名','bidding:apply',3),(100,1,'查看标信息','bidding:view',4),(101,1,'变更标信息','bidding:edit',5),(102,0,'合同管理','contractsMgmt',5),(103,1,'框架合同管理','frameworkContractMgmt',1),(104,1,'查看框架合同','frameworkContract:view',1),(105,1,'编辑框架合同','frameworkContract:edit',2),(106,1,'删除框架合同','frameworkContract:remove',3),(107,1,'上传框架合同附件','frameworkContract:upload',4),(108,1,'下载框架合同附件','frameworkContract:download',5),(109,1,'删除框架合同附件','frameworkContract:del',6),(110,1,'单项合同管理','singleContractMgmt',2),(111,1,'查看单项合同','singleContract:view',1),(112,1,'编辑单项合同','singleContract:edit',2),(113,1,'删除单项合同','singleContract:remove',3),(114,1,'上传单项合同附件','singleContract:upload',4),(115,1,'下载单项合同附件','singleContract:download',5),(116,1,'删除单项合同附件','singleContract:del',6),(117,1,'分包合同管理','subcontractContractMgmt',3),(118,1,'查看分包合同','subcontractContract:view',1),(119,1,'编辑分包合同','subcontractContract:edit',2),(120,1,'删除分包合同','subcontractContract:remove',3),(121,1,'上传分包合同附件','subcontractContract:upload',4),(122,1,'下载分包合同附件','subcontractContract:download',5),(123,1,'删除分包合同附件','subcontractContract:del',6),(124,0,'文档管理','documentsMgmt',6),(125,1,'发票管理','invoiceMgmt',4),(126,1,'上传发票','invoice:upload',1),(127,1,'下载发票','invoice:download',2),(128,1,'删除发票','invoice:del',3),(129,0,'报表管理','reportsMgmt',7),(130,1,'查看报表','report:view',1),(131,1,'导出报表','report:export',2),(132,0,'邮箱管理','emailMgmt',8),(133,1,'查看邮箱','email:view',1),(134,1,'编辑邮箱','email:edit',2),(135,0,'系统日志管理','logRecordMgmt',9),(136,1,'查看日志','logRecord:view',1),(137,1,'编辑日志','logRecord:edit',2),(138,0,'通知发送结果管理','noticeResultMgmt',10),(139,1,'查看发送通知结果','noticeResult:view',1),(140,1,'编辑发送通知结果','noticeResult:edit',2),(141,0,'流程管理','processMgmt',11),(142,1,'查看流程','process:view',1),(143,1,'发布流程','process:deploy',2),(144,1,'填写启动流程表单','process:fillInStrat',3),(145,1,'填写任务表单','process:fillInTask',4),(146,1,'删除流程定义','process:remove',5);
/*!40000 ALTER TABLE `permissions` ENABLE KEYS */;
UNLOCK TABLES;
DROP TABLE IF EXISTS `organizations`;
/*!40101 SET @saved_cs_client     = @@character_set_client */;
/*!40101 SET character_set_client = utf8 */;
CREATE TABLE `organizations` (
  `category` varchar(31) NOT NULL,
  `id` bigint(20) NOT NULL AUTO_INCREMENT,
  `version` int(11) NOT NULL,
  `disabled` bit(1) NOT NULL,
  `address` varchar(255) DEFAULT NULL,
  `email` varchar(255) DEFAULT NULL,
  `home_page` varchar(255) DEFAULT NULL,
  `left_value` int(11) DEFAULT NULL,
  `level` int(11) DEFAULT NULL,
  `name` varchar(255) DEFAULT NULL,
  `right_value` int(11) DEFAULT NULL,
  `tel` varchar(255) DEFAULT NULL,
  `internal_category` varchar(255) DEFAULT NULL,
  `owner_category` varchar(255) DEFAULT NULL,
  PRIMARY KEY (`id`)
) ENGINE=InnoDB AUTO_INCREMENT=109 DEFAULT CHARSET=utf8;
/*!40101 SET character_set_client = @saved_cs_client */;

LOCK TABLES `organizations` WRITE;
/*!40000 ALTER TABLE `organizations` DISABLE KEYS */;
INSERT INTO `organizations` VALUES ('INTERNAL_ORGANIZATION',1,43,'\0','广州市广州大道北云景花园云辉大厦406','','http://www.gdsunsea.com',1,0,'广东日海通信工程有限公司',80,'020-87283433','HEADQUARTERS',NULL),('OWNER_ORGANIZATION',2,2,'\0','广州市白云区梅花园','xxx@126.com','http://www.xxx.com',NULL,NULL,'广州移动',NULL,'020-33333336','','400'),('OWNER_ORGANIZATION',3,2,'\0','广州市天河区中山大道','xxx@126.com','http://www.xxx.com',NULL,NULL,'广州联通',NULL,'020-555555511','','406'),('DESIGN_ORGANIZATION',4,1,'\0','广州市越秀区泳场','xxx@126.com','http://www.xxx.com',NULL,NULL,'京移院',NULL,'020-33333322','',NULL),('DESIGN_ORGANIZATION',5,1,'\0','广州市天河区天河城','xxx@126.com','http://www.xxx.com',NULL,NULL,'广东院',NULL,'020-555578555','',NULL),('SUPERVISOR_ORGANIZATION',6,1,'\0','广州市珠江新城','xxx@126.com','http://www.xxx.com',NULL,NULL,'公诚',NULL,'020-21233333','',NULL),('SUPERVISOR_ORGANIZATION',7,1,'\0','广州市南站','xxx@126.com','http://www.xxx.com',NULL,NULL,'都信',NULL,'020-555555555','',NULL),('COOPERATION_ORGANIZATION',8,1,'\0','白云','xxx@126.com','http://www.xxx.com',NULL,NULL,'李裕华队',NULL,'020-555555555','',NULL),('COOPERATION_ORGANIZATION',9,1,'\0','天河','xxx@126.com','http://www.xxx.com',NULL,NULL,'黄应文队',NULL,'020-555555555','',NULL),('COOPERATION_ORGANIZATION',10,1,'\0','海珠','xxx@126.com','http://www.xxx.com',NULL,NULL,'鄞昌锋队',NULL,'020-555555555','',NULL),('INTERNAL_ORGANIZATION',11,4,'\0','','','',13,2,'第一事业部',20,'','DIVISION',NULL),('INTERNAL_ORGANIZATION',12,31,'\0','','','',47,2,'无线事业部',52,'','DIVISION',NULL),('OWNER_ORGANIZATION',14,1,'\0','江门市','xxx@126.com','http://www.xxx.com',NULL,NULL,'江门联通',NULL,'0750-6666888','','406'),('INTERNAL_ORGANIZATION',21,11,'\0','','','',21,2,'第二事业部',32,'','DIVISION',NULL),('INTERNAL_ORGANIZATION',27,23,'\0','深圳市福田区新洲三街凯欣园1单元1栋201','','',33,2,'第三事业部',46,'','DIVISION',NULL),('INTERNAL_ORGANIZATION',28,40,'\0','','','',53,2,'第五事业部',70,'','DIVISION',NULL),('OWNER_ORGANIZATION',29,0,'\0','河源市建设大道89号移动综合楼七楼会议室','13923683299@139.com','http://gd.10086.cn/',NULL,NULL,'河源移动',NULL,'13923683299','','400'),('OWNER_ORGANIZATION',30,0,'\0','梅州市彬芳大道138号全球通大厦','13823857110@139.com','www.gd.10086.com',NULL,NULL,'梅州移动',NULL,'13823857110','','400'),('OWNER_ORGANIZATION',31,0,'\0','肇庆市棠岗路77区移动综合大楼','13922623395@139.com','www.gd.10086.com',NULL,NULL,'肇庆移动',NULL,'13922623395','','400'),('OWNER_ORGANIZATION',32,0,'\0','深圳市福田区滨河大道9023号国通大厦','13928436605@139.com','www.gd.10086.com',NULL,NULL,'深圳移动',NULL,'13928436605','','400'),('OWNER_ORGANIZATION',33,0,'\0','','','www.wo.com',NULL,NULL,'深圳联通',NULL,'','','406'),('SUPERVISOR_ORGANIZATION',51,0,'\0','肇庆市端州区蓓蕾北路13号电信大楼4楼409室','hyjl_zq@163.com','',NULL,NULL,'广州市汇源通建设监理有限公司肇庆监理部',NULL,'0758-2754861','',NULL),('SUPERVISOR_ORGANIZATION',52,0,'\0','肇庆端州区蓓蕾北路13号5楼','zqgcjl@vip.163.com','',NULL,NULL,'广东公诚通信建设监理有限公司粤西分公司',NULL,'0758-2761800','',NULL),('SUPERVISOR_ORGANIZATION',53,0,'\0','','dxzq_wuxian@126.com','',NULL,NULL,'都信监理肇庆项目',NULL,'','',NULL),('SUPERVISOR_ORGANIZATION',54,1,'\0','','','',NULL,NULL,'公诚监理梅州项目',NULL,'','',NULL),('SUPERVISOR_ORGANIZATION',55,0,'\0','','','',NULL,NULL,'达安监理梅州项目',NULL,'','',NULL),('DESIGN_ORGANIZATION',56,0,'\0','','','',NULL,NULL,'南方院（梅州）',NULL,'','',NULL),('DESIGN_ORGANIZATION',57,0,'\0','','','',NULL,NULL,'江苏院（梅州）',NULL,'','',NULL),('COOPERATION_ORGANIZATION',58,0,'\0','','','',NULL,NULL,'覃正明',NULL,'13632368099','',NULL),('OWNER_ORGANIZATION',59,0,'\0','江门市篁庄大道西10号火炬高新科技园2号楼二楼','13828001981@139.com','',NULL,NULL,'江门移动',NULL,'13828031889','','400'),('SUPERVISOR_ORGANIZATION',61,1,'\0','','','',NULL,NULL,'吉林监理开平移动项目部',NULL,'','',NULL),('SUPERVISOR_ORGANIZATION',62,0,'\0','','','',NULL,NULL,'达安监理台山项目部',NULL,'','',NULL),('SUPERVISOR_ORGANIZATION',63,0,'\0','','','',NULL,NULL,'达安监理广州项目部',NULL,'','',NULL),('OWNER_ORGANIZATION',64,0,'\0','','','',NULL,NULL,'荆门移动',NULL,'','','400'),('OWNER_ORGANIZATION',65,0,'\0','','','',NULL,NULL,'东莞移动',NULL,'','','400'),('OWNER_ORGANIZATION',66,0,'\0','','','',NULL,NULL,'清远移动',NULL,'','','400'),('OWNER_ORGANIZATION',67,0,'\0','','','',NULL,NULL,'潮州联通',NULL,'','','406'),('OWNER_ORGANIZATION',68,2,'\0','广州市环市东路331号','13268325086@163.com','',NULL,NULL,'广东有线广播电视网络有限公司',NULL,'13268325086','','420'),('INTERNAL_ORGANIZATION',69,1,'\0','','','',2,1,'安徽省国维通信工程有限责任公司',3,'','SUBSIDIARY',NULL),('INTERNAL_ORGANIZATION',70,1,'\0','','','',4,1,'广西日海通信工程有限公司',5,'','SUBSIDIARY',NULL),('INTERNAL_ORGANIZATION',71,1,'\0','','','',6,1,'新疆日海卓远通信工程有限公司',7,'','SUBSIDIARY',NULL),('INTERNAL_ORGANIZATION',72,1,'\0','','','',8,1,'武汉日海光孚通信有限公司',9,'','SUBSIDIARY',NULL),('INTERNAL_ORGANIZATION',73,1,'\0','','','',10,1,'贵州日海捷森通信工程有限公司',11,'','SUBSIDIARY',NULL),('INTERNAL_ORGANIZATION',74,33,'\0','广州市广州大道北云景花园云辉大厦406','','http://www.suilink.com',12,1,'广州日海穗灵通信工程有限公司',71,'020-87283433','SUBSIDIARY',NULL),('INTERNAL_ORGANIZATION',75,59,'\0','','','',72,1,'河南日海恒联通信服务有限公司',73,'','SUBSIDIARY',NULL),('INTERNAL_ORGANIZATION',82,46,'\0','','','',74,1,'长沙市鑫隆智能技术有限公司',75,'','SUBSIDIARY',NULL),('INTERNAL_ORGANIZATION',83,46,'\0','','','',76,1,'重庆平湖通信技术有限公司',77,'','SUBSIDIARY',NULL),('INTERNAL_ORGANIZATION',84,46,'\0','','','',78,1,'云南和坤通信工程有限公司',79,'','SUBSIDIARY',NULL),('INTERNAL_ORGANIZATION',85,32,'\0','','','',56,3,'清远移动驻地网工程项目部',57,'',NULL,NULL),('INTERNAL_ORGANIZATION',86,32,'\0','','','',58,3,'东莞移动光缆工程项目部',59,'',NULL,NULL),('INTERNAL_ORGANIZATION',87,32,'\0','','','',60,3,'深圳联通管线项目部',61,'',NULL,NULL),('INTERNAL_ORGANIZATION',88,32,'\0','','','',62,3,'荆门移动2012小区宽带工程项目部',63,'',NULL,NULL),('INTERNAL_ORGANIZATION',89,32,'\0','','','',64,3,'潮州联通固网项目部',65,'',NULL,NULL),('INTERNAL_ORGANIZATION',90,32,'\0','','','',66,3,'东莞移动管道工程项目部',67,'',NULL,NULL),('INTERNAL_ORGANIZATION',91,32,'\0','','','',68,3,'汕尾联通项目部',69,'',NULL,NULL),('INTERNAL_ORGANIZATION',92,16,'\0','','','',34,3,'梅州无线项目部',35,'',NULL,NULL),('INTERNAL_ORGANIZATION',93,16,'\0','','','',36,3,'江门传输项目部',37,'',NULL,NULL),('INTERNAL_ORGANIZATION',94,16,'\0','','','',38,3,'深圳无线项目部',39,'',NULL,NULL),('INTERNAL_ORGANIZATION',95,16,'\0','','','',40,3,'肇庆无线项目部',41,'',NULL,NULL),('INTERNAL_ORGANIZATION',96,16,'\0','','','',42,3,'梅州传输项目部',43,'',NULL,NULL),('INTERNAL_ORGANIZATION',97,16,'\0','','','',44,3,'河源移动项目部',45,'',NULL,NULL),('INTERNAL_ORGANIZATION',98,16,'\0','','','',48,3,'天河北路项目部',49,'',NULL,NULL),('INTERNAL_ORGANIZATION',99,16,'\0','','','',50,3,'体育中心项目部',51,'',NULL,NULL),('INTERNAL_ORGANIZATION',100,0,'\0','','','',14,3,'京溪街项目部',15,'',NULL,NULL),('INTERNAL_ORGANIZATION',101,0,'\0','','','',16,3,'广州移动传输本地网项目部',17,'',NULL,NULL),('INTERNAL_ORGANIZATION',102,0,'\0','','','',18,3,'太和项目部',19,'',NULL,NULL),('INTERNAL_ORGANIZATION',103,0,'\0','','','',22,3,'阳江海韵酒店项目部',23,'',NULL,NULL),('INTERNAL_ORGANIZATION',104,0,'\0','','','',24,3,'广州联通项目部',25,'',NULL,NULL),('INTERNAL_ORGANIZATION',105,1,'\0','','','',26,3,'从化动漫城项目部',27,'',NULL,NULL),('INTERNAL_ORGANIZATION',106,0,'\0','','','',28,3,'江门移动项目部',29,'',NULL,NULL),('INTERNAL_ORGANIZATION',107,0,'\0','','','',30,3,'江门联通项目部',31,'',NULL,NULL),('OWNER_ORGANIZATION',108,0,'\0','','','',100000,0,'汕尾联通',100001,'',NULL,'406');
/*!40000 ALTER TABLE `organizations` ENABLE KEYS */;
UNLOCK TABLES;
DROP TABLE IF EXISTS `warn_event_subscribe_detail`;
/*!40101 SET @saved_cs_client     = @@character_set_client */;
/*!40101 SET character_set_client = utf8 */;
CREATE TABLE `warn_event_subscribe_detail` (
  `id` bigint(20) NOT NULL AUTO_INCREMENT,
  `version` int(11) NOT NULL,
  `ignore_warn` bit(1) DEFAULT NULL,
  `subscribe_person` varchar(255) DEFAULT NULL,
  `warn_event_id` bigint(20) DEFAULT NULL,
  PRIMARY KEY (`id`),
  KEY `FK36329DC446CA2DBD` (`warn_event_id`),
  CONSTRAINT `FK36329DC446CA2DBD` FOREIGN KEY (`warn_event_id`) REFERENCES `warn_events` (`id`)
) ENGINE=InnoDB DEFAULT CHARSET=utf8;
/*!40101 SET character_set_client = @saved_cs_client */;

LOCK TABLES `warn_event_subscribe_detail` WRITE;
/*!40000 ALTER TABLE `warn_event_subscribe_detail` DISABLE KEYS */;
/*!40000 ALTER TABLE `warn_event_subscribe_detail` ENABLE KEYS */;
UNLOCK TABLES;
DROP TABLE IF EXISTS `roles`;
/*!40101 SET @saved_cs_client     = @@character_set_client */;
/*!40101 SET character_set_client = utf8 */;
CREATE TABLE `roles` (
  `id` bigint(20) NOT NULL AUTO_INCREMENT,
  `version` int(11) NOT NULL,
  `description` varchar(255) DEFAULT NULL,
  `name` varchar(255) NOT NULL,
  PRIMARY KEY (`id`),
  UNIQUE KEY `name` (`name`)
) ENGINE=InnoDB AUTO_INCREMENT=10 DEFAULT CHARSET=utf8;
/*!40101 SET character_set_client = @saved_cs_client */;

LOCK TABLES `roles` WRITE;
/*!40000 ALTER TABLE `roles` DISABLE KEYS */;
INSERT INTO `roles` VALUES (1,0,'系统管理员','ROLE_SUPERVISOR'),(2,0,'财务经理','ROLE_FM'),(3,0,'工程主管副总','ROLE_CDGM'),(4,0,'事业部总经理','ROLE_DM'),(5,0,'项目经理','ROLE_PM'),(6,0,'市场专员','ROLE_MS'),(7,0,'管理员','ROLE_ADMIN'),(8,0,'总公司领导','ROLE_LEADER'),(9,0,'子公司总经理','ROLE_PMO');
/*!40000 ALTER TABLE `roles` ENABLE KEYS */;
UNLOCK TABLES;
DROP TABLE IF EXISTS `persons`;
/*!40101 SET @saved_cs_client     = @@character_set_client */;
/*!40101 SET character_set_client = utf8 */;
CREATE TABLE `persons` (
  `id` bigint(20) NOT NULL AUTO_INCREMENT,
  `version` int(11) NOT NULL,
  `disabled` bit(1) NOT NULL,
  `email` varchar(255) DEFAULT NULL,
  `gender` int(11) DEFAULT NULL,
  `mobile` varchar(255) DEFAULT NULL,
  `name` varchar(255) DEFAULT NULL,
  `qq` varchar(255) DEFAULT NULL,
  `tel` varchar(255) DEFAULT NULL,
  `title` varchar(255) DEFAULT NULL,
  `organization_id` bigint(20) DEFAULT NULL,
  PRIMARY KEY (`id`),
  KEY `FKD78FCFBEF929534A` (`organization_id`),
  CONSTRAINT `FKD78FCFBEF929534A` FOREIGN KEY (`organization_id`) REFERENCES `organizations` (`id`)
) ENGINE=InnoDB AUTO_INCREMENT=148 DEFAULT CHARSET=utf8;
/*!40101 SET character_set_client = @saved_cs_client */;

LOCK TABLES `persons` WRITE;
/*!40000 ALTER TABLE `persons` DISABLE KEYS */;
INSERT INTO `persons` VALUES (1,2,'\0','xxx@suilink1.com',0,'13888888888','杨宇','888888','020-12345678','经理',1),(5,2,'\0','huangzhihua@suilink.com',0,'13632318282','黄志华','','','总经理助理',11),(6,2,'\0','zhanshengyan@suilink.com',1,'13580376636','詹生燕','','','工程技术员',11),(7,2,'\0','xiaojianbo@suilink.com',0,'15918621992','萧剑波','','','工程管理员',11),(16,2,'\0','13223768488@139.com',0,'13223768488','李涛','','020-32831156','经理',2),(17,2,'\0','13602842989@139.com',0,'13602842989','龚辉','448501072','020-87283433','总经理',21),(18,2,'\0','',0,'15602886789','谢维宇','','','项目经理',21),(19,2,'\0','13570925994@139.com',0,'13570925994','田福才','','','工程技术员',21),(20,2,'\0','357766315@qq.com',0,'13928328799','杨辉','','','工程技术员',21),(21,3,'\0','',1,'','李佩珊','','18602067315','资料员',21),(22,2,'\0','13725210668@139.com',0,'13725210668','伍勇','','','副总经理',74),(23,2,'\0','hhs3868@163.com',0,'13826279895','黄焕生','','','副总经理',74),(24,3,'\0','13688888411@163.com',0,'13688888411','易含霞','','','总经理助理',74),(25,5,'\0','13809747747@139.com',0,'13809747747','廖伟利','','','总经理助理',74),(26,1,'\0','liliangwei@126.com',0,'15602885678','李良卫','','','总工程师',74),(27,1,'\0','15902080981@139.com',0,'15902080981','萧莫汉','','','质监部经理',74),(28,1,'\0','huang-bin-yu@163.com',0,'13662522300','黄斌宇','','','市场部经理',74),(29,1,'\0','1179231720@qq.com',1,'13660406123','梁婉萍','','','财务副经理',74),(30,1,'\0','lanxia-1029@163.com',1,'13825091288','易绛霞','','','综合部总监',74),(31,1,'\0','superminghong@163.com',0,'13924182518','周铭洪','','','总经理',28),(32,5,'\0','13926158760@139.com',0,'13926158760','李瑞荣','8849393','','副总经理',27),(33,4,'\0','13926195528@139.com',0,'13926195528','毛龙强','','','总经理助理',27),(34,1,'\0','13822228688@139.com',0,'13822228688','刘向荣','','','董事/总经理',74),(35,0,'\0','',0,'','林祥运','','','',14),(36,0,'\0','',0,'','张建武','','6964569','',14),(37,0,'\0','',0,'','陈文仕','','','',14),(38,0,'\0','weixinzou@chinaunicom.cn',0,'','邹卫新','','','工程部总监',3),(39,0,'\0','jinyue@chinaunicom.cn',1,'','金 月','','','工程部副总',3),(40,0,'\0','dengzy10@chinaunicom.cn',0,'','邓智勇','','','本地传输室主任',3),(41,0,'\0','jiangss15@chinaunicom.cn',0,'','江仕森','','','本地传输室主管',3),(42,0,'\0','songtao29@chinaunicom.cn',0,'','宋涛','','','本地传输室项目经理西区',3),(43,0,'\0','guowj31@chinaunicom.cn',0,'','郭文珏','','','本地传输室项目经理西区',3),(44,0,'\0','kexm2@chinaunicom.cn',1,'','柯秀梅','','','本地传输室文员',3),(45,0,'\0','HuangYougeng@chinaunicom.cn',0,'','黄友埂','','','客户接入建设室主任',3),(46,0,'\0','chentao38@chinaunicom.cn',0,'','陈滔','','','客户接入建设室项目经理西区',3),(47,0,'\0','yanjie@chinaunicom.cn',0,'','晏杰','','','海珠区分公司项目经理',3),(48,0,'\0','hezh24@chinaunicom.cn',0,'','何子恒','','020-22312354','海珠区分公司项目经理',3),(49,0,'\0','zhangzy238@chinaunicom.cn',0,'','张志勇','','020-22312938','海珠区分公司项目经理',3),(50,0,'\0','qiude@chinaunicom.cn',0,'','邱大恩','','','越秀区分公司项目经理',3),(51,0,'\0','YouXiangping@chinaunicom.cn',0,'','游向平','','','越秀区分公司项目经理',3),(52,0,'\0','huorener_13720@163.com',0,'','陈君','33312679','','广州传输总负责人',6),(53,0,'\0','kill1235888@163.com',0,'','尹长斌','280076936','','广州客户工程总控',6),(54,0,'\0','liyapinggz@163.com',0,'','李亚平','583541487','','本地网传输负责人',6),(55,0,'\0','liangzhengyu_1127@163.com',0,'','梁正宇','935230575','','本地网管线总控',6),(56,0,'\0','zengyuecheng@126.com',0,'','曾越程','549779198','','集客组长',6),(57,0,'\0','wangzhuanming3@126.com',0,'','王专明','809246125','','海珠组长',6),(58,0,'\0','wangzhuanming3@126.com',0,'','王专明','809246125','','海珠组长',6),(59,0,'\0','fxh1369@163.com',0,'','冯锡辉','','','海珠现场监理',6),(60,0,'\0','18602002850@wo.com.cn',0,'','方佳','185721913','','海珠现场监理',6),(61,2,'\0','liyu_7732560@163.com',1,'13535365242','李裕','','','市场部助理',74),(62,1,'\0','18820011884@139.com',0,'18820011884','杨德恩','','','工程技术员',11),(63,3,'\0','13829951980@139.com',0,'13829951980','徐伟宏','','','项目经理',27),(65,1,'\0','wazlh123@163.com',0,'13512700472','李远光','','','工程技术员',21),(67,2,'\0','',0,'15089794969','李庆明','','','项目助理',27),(68,2,'\0','13922905431@139.com',0,'13922905431','肖扬飞','','','项目助理',27),(69,2,'\0','13823882773@139.com',0,'13823882773','高文威','234696054','','项目经理',27),(70,2,'\0','13622943780@139.com',0,'13622943780','李焕棠','215640834','','项目经理',27),(71,4,'\0','13923620045@139.com',0,'13923620045','孙小涛','79834195','','项目经理',27),(72,2,'\0','andy513233@126.com',0,'13922620591','李涛','','','项目经理',27),(80,0,'\0','13823857703@139.com',0,'13823857703','古凯','','','家客项目主管',30),(81,1,'\0','13923038285@139.com',1,'13923038285','林秋辉','1925508','','家客、集客室经理',30),(82,2,'\0','13923038260@139.com',0,'13923038260','钟淼生','237660349','','集客项目主管',30),(83,1,'\0','13923038896@139.com',0,'13923038896','杨宇栋','','','无线室经理',30),(84,0,'\0','13923038116@139.com',0,'13923038116','穆记锁','','','传输室经理',30),(85,0,'\0','13823857498@139.com',0,'13823857498','陈健考','','','传输室骨干汇聚项目主管',30),(90,0,'\0','13823857733@139.com',0,'13823857733','何海标','','','传输室接入层项目主管',30),(91,0,'\0','13923038168@139.com',0,'13923038168','刘翔','','','工程管理中心总经理',30),(92,0,'\0','13923038383@139.com',0,'13923038383','颜建标','','','工程管理中心副总经理',30),(94,0,'\0','13823819872@139.com',0,'13823819872','叶利仁','','','IP城域网负责人',54),(95,0,'\0','18218857515@139.com',0,'18218857515','乐学海','','','骨干汇聚负责人',55),(96,0,'\0','13902628652@139.com',0,'13902628652','许英教','','','传输设备项目负责人',56),(97,1,'\0','wenxinxiang@jsptpd.com',0,'13776686779','文信翔','','','',57),(98,1,'\0','niuxiaofeng@sunseagroup.com',0,'13530973321','牛晓峰','','','子公司财务经理',74),(99,0,'\0','13828001981@139.com',0,'13828031889','孙亮彪','','','本地传输室主任',59),(100,0,'\0','13828003355@139.com',0,'13828003355','刘俊良','','','本地传输室主管',59),(101,0,'\0','13822300522@139.com',0,'13822300522','李伟仍','','','本地传输室主管',59),(102,0,'\0','15819787597@139.com',0,'15819787597','吕绍辉','','','',61),(103,0,'\0','',0,'18823088580','李俊','','','',62),(104,0,'\0','',0,'13825881287','李斯明','','','项目助理',27),(105,0,'\0','wangxiaolu@suilink.com',1,'15013293712','王晓璐','','','综合室经理',11),(106,0,'\0','',0,'13510089212','朱江','','','',11),(107,0,'\0','',0,'18620112611','谭海岳','','','',11),(108,1,'\0','',1,'15915759628','梁娟','','','',21),(109,1,'\0','13829951980@139.com',1,'15918522067','袁丽芳','','','会计',27),(110,0,'\0','13829339967@139.com',0,'13510013021','罗威','','','项目助理',27),(111,0,'\0','784961232@qq.com',0,'13528009048','何强','','','调测队长',27),(112,0,'\0','811363684@qq.com',1,'13727276254','谢凤美','','','BSC人员',27),(113,0,'\0','litongrui@suilink.com',0,'13430333346','李统瑞','','','调测队长',27),(114,0,'\0','15915759628@139.com',0,'13922302152','方宇鹏','','','调测队员',27),(115,0,'\0','13823135140@139.com',1,'13534960907','邓丽娴','','','转资、出货人员',27),(116,0,'\0','645002893@qq.com',0,'15012598310','何龙','','','调测队长',27),(117,0,'\0','807734070@qq.com',0,'13823135140','张弓','','','仓管人员',27),(118,0,'\0','228467342@qq.com',0,'13750257375','叶晓峰','','','调测队长',27),(119,0,'\0','13825881287@139.com',0,'13570340175','刘磊','','','调测队长',27),(120,0,'\0','lqm0972@126.com',0,'13726246239','杨瑶丽','','','转资人员',27),(121,0,'\0','365634512@qq.com',0,'15986484071','黄珍谋','','','调测队长',27),(122,0,'\0','',0,'13798701353','冯广福','','','调测队员',27),(123,0,'\0','',1,'15819008618','谢宇敏','','','转资人员',27),(124,0,'\0','',0,'13549159234','古焕军','','','调测队员',27),(125,0,'\0','',0,'18320242165','罗历','','','调测队员',27),(126,0,'\0','',0,'18220241969','黄文立','','','调测队员',27),(127,0,'\0','',0,'15816330952','李土权','','','调测队长',27),(128,0,'\0','',0,'13728327625','蔡文晓','','','仓管队员',27),(129,0,'\0','',0,'13822236559','李廷来','','','调测队员',27),(130,0,'\0','leoluo007@163.com',0,'15017583037','罗洁楠','','','实习调测员',27),(131,0,'\0','',0,'','陈科伟','','','调测队员',27),(132,0,'\0','',0,'','谭若应','','','施工队员',27),(133,0,'\0','',0,'','冯松南','','','施工队员',27),(134,0,'\0','15089365324@139.com',0,'15089365324','陈晓然','','','',27),(135,1,'\0','15800007627@qq.com',0,'15800007627','彭伟洺','','','',27),(136,0,'\0','569548016@qq.com',0,'13640793411','陆浩燕','','','',28),(137,0,'\0','xxx@xxx.com',0,'','总公司管理员','','','',1),(138,0,'\0','xxx@xxx.com',0,'','重庆管理员','','','',83),(139,0,'\0','xxx@xxx.com',0,'','贵州管理员','','','',73),(140,0,'\0','xxx@xxx.com',0,'','云南管理员','','','',84),(141,0,'\0','xxx@xxx.com',0,'','长沙管理员','','','',82),(142,0,'\0','xxx@xxx.com',0,'','河南管理员','','','',75),(143,0,'\0','xxx@xxx.com',0,'','广西管理员','','','',70),(144,0,'\0','xxx@xxx.com',0,'','广州管理员','','','',74),(145,0,'\0','xxx@xxx.com',0,'','新疆管理员','','','',71),(146,0,'\0','xxx@xxx.com',0,'','安徽管理员','','','',69),(147,0,'\0','xxx@xxx.com',0,'','武汉管理员','','','',72);
/*!40000 ALTER TABLE `persons` ENABLE KEYS */;
UNLOCK TABLES;
DROP TABLE IF EXISTS `permission_relation`;
/*!40101 SET @saved_cs_client     = @@character_set_client */;
/*!40101 SET character_set_client = utf8 */;
CREATE TABLE `permission_relation` (
  `parent_id` bigint(20) DEFAULT NULL,
  `child_id` bigint(20) NOT NULL,
  PRIMARY KEY (`child_id`),
  KEY `FK88437E6C32958B5D` (`child_id`),
  KEY `FK88437E6C4B12250F` (`parent_id`),
  CONSTRAINT `FK88437E6C4B12250F` FOREIGN KEY (`parent_id`) REFERENCES `permissions` (`id`),
  CONSTRAINT `FK88437E6C32958B5D` FOREIGN KEY (`child_id`) REFERENCES `permissions` (`id`)
) ENGINE=InnoDB DEFAULT CHARSET=utf8;
/*!40101 SET character_set_client = @saved_cs_client */;

LOCK TABLES `permission_relation` WRITE;
/*!40000 ALTER TABLE `permission_relation` DISABLE KEYS */;
INSERT INTO `permission_relation` VALUES (1,2),(1,24),(1,27),(1,30),(1,40),(1,46),(1,49),(1,52),(1,53),(1,54),(2,3),(2,9),(2,12),(2,15),(2,18),(2,21),(3,4),(3,5),(3,6),(3,7),(3,8),(9,10),(9,11),(12,13),(12,14),(15,16),(15,17),(18,19),(18,20),(21,22),(21,23),(24,25),(24,26),(27,28),(27,29),(30,31),(30,36),(31,32),(31,33),(31,34),(31,35),(36,37),(36,38),(36,39),(40,41),(40,42),(40,43),(40,44),(40,45),(46,47),(46,48),(49,50),(49,51),(54,55),(54,56),(54,57),(54,58),(54,59),(54,60),(61,62),(61,63),(61,64),(61,65),(61,66),(61,67),(68,69),(68,80),(68,84),(68,88),(69,70),(69,71),(69,72),(69,73),(69,74),(69,75),(69,76),(69,77),(69,78),(69,79),(80,81),(80,82),(80,83),(84,85),(84,86),(84,87),(88,89),(88,90),(88,91),(88,92),(88,93),(88,94),(88,95),(96,97),(96,98),(96,99),(96,100),(96,101),(102,103),(102,110),(102,117),(103,104),(103,105),(103,106),(103,107),(103,108),(103,109),(110,111),(110,112),(110,113),(110,114),(110,115),(110,116),(117,118),(117,119),(117,120),(117,121),(117,122),(117,123),(124,125),(125,126),(125,127),(125,128),(129,130),(129,131),(132,133),(132,134),(135,136),(135,137),(138,139),(138,140),(141,142),(141,143),(141,144),(141,145),(141,146);
/*!40000 ALTER TABLE `permission_relation` ENABLE KEYS */;
UNLOCK TABLES;
DROP TABLE IF EXISTS `dictionaries`;
/*!40101 SET @saved_cs_client     = @@character_set_client */;
/*!40101 SET character_set_client = utf8 */;
CREATE TABLE `dictionaries` (
  `id` bigint(20) NOT NULL AUTO_INCREMENT,
  `version` int(11) NOT NULL,
  `category` varchar(255) NOT NULL,
  `parent_sn` varchar(255) DEFAULT NULL,
  `remark` varchar(256) DEFAULT NULL,
  `serial_number` varchar(255) NOT NULL,
  `sort_order` int(11) DEFAULT NULL,
  `text` varchar(255) NOT NULL,
  PRIMARY KEY (`id`),
  UNIQUE KEY `category` (`category`,`text`),
  UNIQUE KEY `category_2` (`category`,`serial_number`)
) ENGINE=InnoDB AUTO_INCREMENT=431 DEFAULT CHARSET=utf8;
/*!40101 SET character_set_client = @saved_cs_client */;

LOCK TABLES `dictionaries` WRITE;
/*!40000 ALTER TABLE `dictionaries` DISABLE KEYS */;
INSERT INTO `dictionaries` VALUES (1,1,'DELISTING_ENTRUST_TYPE',NULL,'remark1','1',100,'紧急项目'),(2,1,'DELISTING_ENTRUST_TYPE',NULL,'remark2','2',200,'扩容'),(3,1,'DELISTING_ENTRUST_TYPE',NULL,'LTE项目包2','3',45,'管道/光缆/设备'),(4,2,'SUB_parent_id_TYPE',NULL,'','4',200,'3G'),(5,2,'SUB_PROJECT_TYPE',NULL,'','5',100,'WLAN'),(8,1,'AP_TYPE',NULL,'接入点类型','6',24,'新址新建微蜂窝'),(9,1,'AP_TYPE',NULL,'接入点类型','7',22,'共址新建室外大站'),(10,1,'AP_TYPE',NULL,'接入点类型','8',21,'基站'),(11,1,'AP_TYPE',NULL,'接入点类型','9',23,'光纤直放站'),(12,1,'PROJECT_TYPE',NULL,'','10',100,'一体化基站工程'),(13,1,'PROJECT_TYPE',NULL,'','11',200,'主干光缆工程'),(14,1,'PROJECT_TYPE',NULL,'','12',300,'汇聚机房管线工程'),(15,1,'PROJ_DOC_TYPE',NULL,'合同','13',100,'合同'),(16,1,'PROJ_DOC_TYPE',NULL,'中标通知书','14',200,'中标通知书'),(17,1,'PROJ_DOC_TYPE',NULL,'委托书','15',300,'委托书'),(18,1,'PROJ_DOC_TYPE',NULL,'施工文件','16',400,'施工文件'),(19,1,'ORGANIZATION_CREDENTIALS_TYPE',NULL,'资格证书','19',200,'资格证书'),(20,1,'ORGANIZATION_CREDENTIALS_TYPE',NULL,'运营证书','20',300,'运营证书'),(21,1,'ORGANIZATION_CREDENTIALS_TYPE',NULL,'荣誉证书','21',400,'荣誉证书'),(22,1,'PERSON_CREDENTIALS_TYPE',NULL,'服务证书','22',200,'服务证书'),(23,1,'PERSON_CREDENTIALS_TYPE',NULL,'上岗证书','23',300,'上岗证书'),(24,1,'PERSON_CREDENTIALS_TYPE',NULL,'毕业证书','24',400,'毕业证书'),(25,0,'PROJECT_TYPE',NULL,'','25',400,'汇聚机房设备工程'),(26,0,'PROJECT_TYPE',NULL,'','26',500,'汇聚机房光缆工程'),(27,0,'SUB_PROJECT_TYPE',NULL,'','27',300,'LTE'),(28,1,'COST_TYPE',NULL,'项目成员工资支出','28',100,'人员工资'),(29,0,'COST_TYPE',NULL,'','29',200,'管理费用'),(30,2,'COST_TYPE',NULL,'施工方购买的材料费，大件数量多提交总部统一购买。','30',300,'辅助材料费'),(33,0,'EQUIPMENT_TYPE',NULL,'仪表器具','33',100,'光时域反射仪（OTDR）'),(34,0,'EQUIPMENT_TYPE',NULL,'仪表器具','34',200,'便携式发电机'),(35,0,'EQUIPMENT_TYPE',NULL,'仪表器具','35',300,'抽水机'),(36,0,'EQUIPMENT_TYPE',NULL,'仪表器具','36',300,'全球定位系统'),(40,1,'PROJECT_TYPE',NULL,'','40',600,'FTTH 工程'),(41,1,'PROJECT_TYPE',NULL,'','41',7,'集团专线项目'),(42,0,'PROJECT_TYPE',NULL,'','42',8,'驻地网（家客）'),(43,0,'MATERIAL_TYPE',NULL,'','43',10,'设备'),(44,0,'MATERIAL_TYPE',NULL,'','44',20,'光缆'),(45,0,'PROJECT_TYPE',NULL,'','45',0,'无线设备工程'),(46,0,'PROJECT_TYPE',NULL,'','46',0,'传输一体化工程'),(47,0,'SUB_PROJECT_TYPE',NULL,'','47',101,'GSM'),(48,0,'SUB_PROJECT_TYPE',NULL,'','48',102,'TD'),(49,0,'SUB_PROJECT_TYPE',NULL,'','49',103,'PTN'),(50,0,'SUB_PROJECT_TYPE',NULL,'','50',104,'波分'),(51,0,'SUB_PROJECT_TYPE',NULL,'','51',105,'IP城域网'),(52,1,'AP_TYPE',NULL,'','52',101,'新址新建'),(53,0,'AP_TYPE',NULL,'','53',53,'扩容站'),(200,1,'EXPENDITURE_TYPE',NULL,'指项目运作发生的车辆、交通、差旅、房租、通信、办公、临时雇佣等运作费用','200',400,'运作费用'),(201,1,'EXPENDITURE_TYPE',NULL,'指项目人员的薪酬、福利等人工成本费用','201',55,'人力费用'),(202,2,'EXPENDITURE_TYPE',NULL,'指市场拓展费用','202',600,'业务费用'),(203,1,'EXPENDITURE_TYPE',NULL,'指电脑、手机、打印机、传真机、软件、食品、仪表等设备资产折旧，一般按三年折旧','203',57,'设备折旧费用'),(204,1,'EXPENDITURE_TYPE',NULL,'指自购的易耗工具、材料等费用','204',800,'耗材、辅材费用'),(205,1,'EXPENDITURE_TYPE',NULL,'指分包给其他公司、施工队的外包费用','205',900,'分包费用'),(206,1,'EXPENDITURE_TYPE',NULL,'包括外部采购和内部采购的主材费用','206',101,'主材费用'),(207,1,'EXPENDITURE_TYPE',NULL,'根据项目使用资金额及时间进行估算，按银行同期货款利率上浮20%计算','207',102,'资金占用费用'),(250,0,'RECEIPT_TYPE',NULL,'','250',400,'预付款'),(251,0,'RECEIPT_TYPE',NULL,'','251',500,'进度款'),(252,0,'RECEIPT_TYPE',NULL,'','252',600,'初验款'),(253,0,'RECEIPT_TYPE',NULL,'','253',700,'终验款'),(254,0,'AP_TYPE',NULL,'','254',103,'接入层设备'),(255,0,'AP_TYPE',NULL,'','255',104,'汇聚节点'),(256,0,'PROJECT_TYPE',NULL,'','256',700,'光缆工程'),(257,0,'SUB_PROJECT_TYPE',NULL,'','257',106,'室分'),(300,0,'SUB_PROJECT_TYPE',NULL,'','300',0,'拆环'),(400,0,'OWNER_TYPE',NULL,'','400',0,'移动'),(403,0,'OWNER_TYPE',NULL,'','403',1,'电信'),(406,0,'OWNER_TYPE',NULL,'','406',2,'联通'),(409,0,'OWNER_TYPE',NULL,'','409',8,'政府'),(412,0,'OWNER_TYPE',NULL,'','412',7,'主设备厂家'),(416,0,'OWNER_TYPE',NULL,'','416',3,'铁通'),(420,0,'OWNER_TYPE',NULL,'','420',6,'广电'),(423,0,'OWNER_TYPE',NULL,'','423',4,'电力'),(428,0,'OWNER_TYPE',NULL,'','428',100,'其他'),(430,0,'OWNER_TYPE',NULL,'','430',5,'铁路');
/*!40000 ALTER TABLE `dictionaries` ENABLE KEYS */;
UNLOCK TABLES;
DROP TABLE IF EXISTS `expenditures`;
/*!40101 SET @saved_cs_client     = @@character_set_client */;
/*!40101 SET character_set_client = utf8 */;
CREATE TABLE `expenditures` (
  `id` bigint(20) NOT NULL AUTO_INCREMENT,
  `version` int(11) NOT NULL,
  `created_date` date DEFAULT NULL,
  `disabled` bit(1) NOT NULL,
  `last_updated` date DEFAULT NULL,
  `amount` decimal(19,2) DEFAULT NULL,
  `expenditure_type` varchar(255) DEFAULT NULL,
  `montly_month` int(11) NOT NULL,
  `montly_year` int(11) NOT NULL,
  `remark` longtext,
  `spend_date` date DEFAULT NULL,
  `creator_id` bigint(20) DEFAULT NULL,
  `last_updator` bigint(20) DEFAULT NULL,
  `projecte_id` bigint(20) DEFAULT NULL,
  `subprojecte_id` bigint(20) DEFAULT NULL,
  PRIMARY KEY (`id`),
  KEY `FK39E226D47B612477` (`projecte_id`),
  KEY `FK39E226D45312271B` (`last_updator`),
  KEY `FK39E226D4B64D96B7` (`subprojecte_id`),
  KEY `FK39E226D49118F3D3` (`creator_id`),
  CONSTRAINT `FK39E226D49118F3D3` FOREIGN KEY (`creator_id`) REFERENCES `persons` (`id`),
  CONSTRAINT `FK39E226D45312271B` FOREIGN KEY (`last_updator`) REFERENCES `persons` (`id`),
  CONSTRAINT `FK39E226D47B612477` FOREIGN KEY (`projecte_id`) REFERENCES `projects` (`id`),
  CONSTRAINT `FK39E226D4B64D96B7` FOREIGN KEY (`subprojecte_id`) REFERENCES `projects` (`id`)
) ENGINE=InnoDB DEFAULT CHARSET=utf8;
/*!40101 SET character_set_client = @saved_cs_client */;

LOCK TABLES `expenditures` WRITE;
/*!40000 ALTER TABLE `expenditures` DISABLE KEYS */;
/*!40000 ALTER TABLE `expenditures` ENABLE KEYS */;
UNLOCK TABLES;
DROP TABLE IF EXISTS `specialties`;
/*!40101 SET @saved_cs_client     = @@character_set_client */;
/*!40101 SET character_set_client = utf8 */;
CREATE TABLE `specialties` (
  `id` bigint(20) NOT NULL AUTO_INCREMENT,
  `version` int(11) NOT NULL,
  `disabled` bit(1) NOT NULL,
  `name` varchar(255) DEFAULT NULL,
  `remark` varchar(255) DEFAULT NULL,
  `sort_order` int(11) DEFAULT NULL,
  PRIMARY KEY (`id`)
) ENGINE=InnoDB AUTO_INCREMENT=4 DEFAULT CHARSET=utf8;
/*!40101 SET character_set_client = @saved_cs_client */;

LOCK TABLES `specialties` WRITE;
/*!40000 ALTER TABLE `specialties` DISABLE KEYS */;
INSERT INTO `specialties` VALUES (1,0,'\0','管线','管线专业',100),(2,0,'\0','光缆','光缆专业',200),(3,0,'\0','设备','设备专业',300);
/*!40000 ALTER TABLE `specialties` ENABLE KEYS */;
UNLOCK TABLES;
/*!40103 SET TIME_ZONE=@OLD_TIME_ZONE */;

/*!40101 SET SQL_MODE=@OLD_SQL_MODE */;
/*!40014 SET FOREIGN_KEY_CHECKS=@OLD_FOREIGN_KEY_CHECKS */;
/*!40014 SET UNIQUE_CHECKS=@OLD_UNIQUE_CHECKS */;
/*!40101 SET CHARACTER_SET_CLIENT=@OLD_CHARACTER_SET_CLIENT */;
/*!40101 SET CHARACTER_SET_RESULTS=@OLD_CHARACTER_SET_RESULTS */;
/*!40101 SET COLLATION_CONNECTION=@OLD_COLLATION_CONNECTION */;
/*!40111 SET SQL_NOTES=@OLD_SQL_NOTES */;

